name,spec,quantity,unit,cost_price,max_stock,min_stock,on_shelf,sort_weight
铁油桶,30升,49,个,31,0,8,1,245
铁油桶,50升,7,个,50,0,9,1,245
六角起钉器,1050*23,56,支,13.63,0,20,1,244
六角起钉器,1200*23,38,支,15.26,0,20,1,244
六角起钉器,1800*23,28,支,21.8,0,10,1,244
大头六角石工凿,300*12尖,26,支,2.73,0,20,1,243
ABS塑料工具箱,14寸,10,个,11.17,0,3,1,242
ABS塑料工具箱,17寸,4,个,15.53,0,2,1,242
ABS塑料工具箱,19寸,5,个,17.48,0,2,1,242
单肩工具包,20*35小绿,35,个,5.34,0,10,1,241
单肩工具包,35*40大绿,50,个,6.31,0,10,1,241
彩色穿线器,15米,42,卷,5.1,0,20,1,240
彩色穿线器,25米,79,卷,8.5,0,20,1,240
彩色穿线器,30米,64,卷,10.2,0,20,1,240
彩色穿线器,50米,36,卷,17,0,10,1,240
双色大方铲,,1142,个,5.45,0,300,1,239
双色尖铲,,196,个,5.54,0,100,1,238
双色小方铲,,59,个,4.42,0,22,1,237
铲柄（杨木杆）,,5692,支,1.56,0,1200,1,236
铲柄（槐木杆）,,769,支,3.82,0,200,1,235
绿色羊镐（不含柄）,,40,个,9.04,0,100,1,234
羊镐柄,,403,支,3.82,0,0,1,233
锄头（鸡牌）,,238,个,8.72,0,82,1,232
锄炳-好（不发霉不变形）,,786,支,6.54,0,20,1,231
灰锄（金印中灰刮）,25cm,432,个,6.29,0,100,1,229
柴刀,3号越南锤纹大号,3,把,8.92,0,7,1,227
勾刀,1号越南锤纹大号,19,把,8.5,0,10,1,226
手拉葫芦（双叶牌）国标,1T*3,1,台,106,0,1,1,225
手拉葫芦（双叶牌）国标,1T*6,2,台,138,0,1,1,225
手拉葫芦（双叶牌）国标,1T*10,2,台,180,0,1,1,225
手拉葫芦（双叶牌）国标,2T*3,1,台,136,0,1,1,225
手拉葫芦（双叶牌）国标,2T*6,2,台,199,0,1,1,225
手拉葫芦（双叶牌）国标,2T*10,2,台,284,0,1,1,225
手拉葫芦（双叶牌）国标,3T*3,10,台,201,0,2,1,225
手拉葫芦（双叶牌）国标,3T*5,10,台,254,0,2,1,225
手拉葫芦（双叶牌）国标,5T*3,9,台,299,0,2,1,225
手拉葫芦（双叶牌）国标,5T*5,10,台,363,0,2,1,225
白色吊带,1T*2,6,条,3.9,0,4,1,224
白色吊带,1T*3,6,条,5.6,0,4,1,224
白色吊带,1T*4,9,条,7.4,0,4,1,224
白色吊带,1T*5,6,条,9.3,0,4,1,224
白色吊带,1T*6,10,条,10.8,0,4,1,224
白色吊带,2T*2,20,条,5.9,0,8,1,224
白色吊带,2T*3,6,条,8,0,8,1,224
白色吊带,2T*4,17,条,10.6,0,8,1,224
白色吊带,2T*5,11,条,13.4,0,8,1,224
白色吊带,2T*6,17,条,15.6,0,8,1,224
白色吊带,3T*2,14,条,8.8,0,8,1,224
白色吊带,3T*3,16,条,14.36,0,8,1,224
白色吊带,3T*4,20,条,17.2,0,8,1,224
白色吊带,3T*5,11,条,21.4,0,8,1,224
白色吊带,3T*6,54,条,25.4,0,40,1,224
白色吊带,5T*2,20,条,13.2,0,8,1,224
白色吊带,5T*3,17,条,18.3,0,8,1,224
白色吊带,5T*4,12,条,24.2,0,5,1,224
白色吊带,5T*5,11,条,30.04,0,20,1,224
白色吊带,5T*6,57,条,35.2,0,40,1,224
白色吊带,5T*8,59,条,46.5,0,40,1,224
白色吊带,8T*5,2,条,42.4,0,8,1,224
白色吊带,8T*10,41,条,86.4,0,20,1,224
液压千斤顶,2T,10,台,35,0,1,1,223
液压千斤顶,3T,3,台,40.3,0,1,1,223
液压千斤顶,5T,4,台,46.6,0,1,1,223
液压千斤顶,8T,5,台,65.7,0,1,1,223
液压千斤顶,10T,3,台,70,0,1,1,223
液压千斤顶,12T,2,台,88,0,1,1,223
液压千斤顶,16T,3,台,94.27,0,1,1,223
液压千斤顶,20T,4,台,104.9,0,1,1,223
液压千斤顶,50T,2,台,349.8,0,1,1,223
滑轮,0.1T,248,个,1.28,0,50,1,222
滑轮,0.3T,88,个,2.57,0,18,1,222
滑轮,0.5T,17,个,10.59,0,5,1,222
滑轮,1T,42,个,14.98,0,9,1,222
滑轮,2T,36,个,26.75,0,8,1,222
滑轮,3T,13,个,47.08,0,4,1,222
滑轮,5T,14,个,68.48,0,3,1,222
开体花兰,10厘米,79,个,1.58,0,60,1,221
开体花兰,14厘米,110,个,3.7,0,36,1,221
开体花兰,16厘米,146,个,4.28,0,30,1,221
开体花兰,18厘米,120,个,6.42,0,24,1,221
开体花兰,20厘米,90,个,8.03,0,24,1,221
开体花兰,22厘米,80,个,11.02,0,16,1,221
开体花兰,24厘米,75,个,13.7,0,15,1,221
开体花兰,27厘米,30,个,22.47,0,6,1,221
开体花兰,30厘米,30,个,33.71,0,6,1,221
扎头,3厘,4940,个,0.09,0,1000,1,220
扎头,5厘,2688,个,0.11,0,600,1,220
扎头,6厘,1634,个,0.22,0,300,1,220
扎头,8厘,98,个,0.5,0,140,1,220
扎头,15厘,115,个,0.94,0,40,1,220
扎头,18厘,88,个,1.8,0,24,1,220
扎头,20厘,100,个,2.03,0,20,1,220
扎头,22厘,76,个,2.57,0,16,1,220
扎头,25厘,60,个,3.85,0,12,1,220
卸扣普通,普通8厘,990,个,0.47,0,200,1,219
卸扣普通,普通10厘,600,个,0.6,0,100,1,219
卸扣普通,普通12厘,489,个,0.7,0,100,1,219
卸扣普通,普通14厘,299,个,0.91,0,60,1,219
卸扣普通,普通16厘,192,个,1.24,0,40,1,219
卸扣普通,普通18厘,145,个,1.71,0,30,1,219
卸扣普通,普通20厘,72,个,2.14,0,20,1,219
卸扣普通,普通22厘,200,个,3.03,0,16,0,219
卸扣普通,普通25厘,54,个,4.17,0,12,1,219
卸扣普通,普通28厘,39,个,5.67,0,8,1,219
卸扣普通,国标32厘,15,个,16.91,0,3,1,219
重型卸扣,3.25T,51,个,3.48,0,16,1,218
重型卸扣,4.25T,24,个,5.46,0,10,1,218
重型卸扣,8.5T,8,个,13.91,0,4,1,218
捆绑器,5T *4米（5公分宽）,7,套,20,0,3,1,217
捆绑器,5T *6米（5公分宽）,6,套,22,0,3,1,217
捆绑器,5T *8米（5公分宽）,11,套,24,0,3,1,217
捆绑器,5T *10米（5公分宽）,6,套,27,0,3,1,217
捆绑器,5T *12米（5公分宽）,11,套,30,0,3,1,217
捆绑器,5T *15米（5公分宽）,13,套,34,0,3,1,217
2.0厘装饰链90米,,62,卷,34.4,0,36,1,215
钢丝绳,4厘  *70米镀锌钢丝绳,42,卷,27,0,10,1,214
钢丝绳,5厘  *70米镀锌钢丝绳,47,卷,37.7,0,10,1,214
钢丝绳,6厘  *70米镀锌钢丝绳,1,卷,49,0,10,1,214
钢丝绳,12厘 *70米镀锌钢丝绳,44,卷,179.8,0,10,1,214
钢丝绳,4厘*190米 包胶钢丝绳,20,卷,76.1,0,5,1,214
钢丝绳,5厘*140米 包胶钢丝绳,20,卷,102.6,0,5,1,214
钢丝绳,6厘*190米包胶钢丝绳,19,卷,211.9,0,5,1,214
木工开孔器（加长）,16mm,400,个,3.73,0,5,1,213
木工开孔器（加长）,18mm,25,个,4.19,0,5,1,213
木工开孔器（加长）,20mm,404,个,4.66,0,5,1,213
木工开孔器（加长）,22mm,25,个,5.13,0,5,1,213
木工开孔器（加长）,25mm,325,个,5.83,0,5,1,213
木工开孔器（加长）,28mm,20,个,6.52,0,5,1,213
木工开孔器（加长）,30mm,20,个,6.99,0,5,1,213
木工开孔器（加长）,32mm,170,个,7.46,0,5,1,213
木工开孔器,16mm,20,个,2.17,0,10,1,212
木工开孔器,18mm,20,个,2.45,0,10,1,212
木工开孔器,20mm,40,个,2.52,0,10,1,212
木工开孔器,22mm,15,个,2.99,0,10,1,212
木工开孔器,25mm,30,个,3.5,0,10,1,212
木工开孔器,30mm,20,个,4.08,0,10,1,212
木工开孔器,32mm,18,个,4.35,0,10,1,212
木工开孔器,35mm,31,个,4.6,0,10,1,212
木工开孔器,38mm,20,个,5.17,0,10,1,212
木工开孔器,40mm,15,个,5.44,0,10,1,212
木工开孔器,42mm,20,个,5.71,0,10,1,212
木工开孔器,45mm,20,个,6.12,0,10,1,212
木工开孔器,50mm,20,个,6.8,0,10,1,212
木工开孔器,53mm,20,个,7.2,0,10,1,212
木工开孔器,55mm,20,个,7.48,0,10,1,212
木工开孔器,60mm,20,个,8.16,0,10,1,212
赛克精品开孔器（双金属),18,23,个,1.65,0,6,1,211
赛克精品开孔器（双金属),20,470,个,1.84,0,6,1,211
赛克精品开孔器（双金属),22,97,个,2.18,0,6,1,211
赛克精品开孔器（双金属),25,493,个,2.33,0,6,1,211
赛克精品开孔器（双金属),30,18,个,2.77,0,6,1,211
赛克精品开孔器（双金属),32,375,个,2.91,0,6,1,211
赛克精品开孔器（双金属),35,18,个,3.2,0,6,1,211
赛克精品开孔器（双金属),40,50,个,3.4,0,6,1,211
赛克精品开孔器（双金属),42,8,个,3.88,0,6,1,211
赛克精品开孔器（双金属),45,98,个,4.44,0,6,1,211
赛克精品开孔器（双金属),48,20,个,4.25,0,6,1,211
赛克精品开孔器（双金属),50,144,个,4.61,0,6,1,211
赛克精品开孔器（双金属),53,17,个,4.67,0,6,1,211
赛克精品开孔器（双金属),55,54,个,5.4,0,6,1,211
赛克精品开孔器（双金属),60,30,个,5.87,0,6,1,211
赛克精品开孔器（双金属),65,80,个,6.02,0,6,1,211
赛克精品开孔器（双金属),70,39,个,6.4,0,6,1,211
赛克精品开孔器（双金属),75,29,个,7.31,0,6,1,211
赛克精品开孔器（双金属),80,4,个,7.39,0,2,1,211
赛克精品开孔器（双金属),85,2,个,7.77,0,2,1,211
赛克精品开孔器（双金属),90,2,个,8.31,0,2,1,211
赛克精品开孔器（双金属),95,2,个,8.74,0,2,1,211
赛克精品开孔器（双金属),100,6,个,9.23,0,2,1,211
赛克精品开孔器（双金属),105,8,个,9.71,0,2,1,211
赛克精品开孔器（双金属),115,5,个,10.68,0,2,1,211
赛克精品开孔器（双金属),120,51,个,11.08,0,2,1,211
赛克精品开孔器（双金属),125,7,个,11.47,0,2,1,211
赛克精品开孔器（双金属),150,2,个,13.88,0,2,1,211
玻璃开孔器,6mm,10,个,0.64,0,6,1,210
玻璃开孔器,8mm,280,个,0.85,0,6,1,210
玻璃开孔器,10mm,80,个,1.07,0,6,1,210
玻璃开孔器,12mm,180,个,1.29,0,6,1,210
玻璃开孔器,14mm,160,个,1.56,0,6,1,210
玻璃开孔器,16mm,480,个,1.71,0,6,1,210
玻璃开孔器,18mm,260,个,1.93,0,6,1,210
玻璃开孔器,20mm,450,个,2.15,0,6,1,210
玻璃开孔器,22mm,250,个,2.37,0,6,1,210
玻璃开孔器,25mm,410,个,2.68,0,6,1,210
玻璃开孔器,28mm,70,个,3,0,6,1,210
玻璃开孔器,30mm,49,个,3.22,0,6,1,210
玻璃开孔器,32mm,38,个,3.44,0,6,1,210
玻璃开孔器,35mm,26,个,3.76,0,6,1,210
玻璃开孔器,40mm,12,个,4.3,0,6,1,210
玻璃开孔器,42mm,32,个,4.52,0,2,1,210
玻璃开孔器,45mm,34,个,4.87,0,3,1,210
玻璃开孔器,50mm,18,个,5.75,0,3,1,210
玻璃开孔器,55mm,16,个,5.93,0,3,1,210
玻璃开孔器,60mm,15,个,6.44,0,3,1,210
玻璃开孔器,65mm,26,个,9.92,0,3,1,210
玻璃开孔器,70mm,24,个,10.73,0,3,1,210
玻璃开孔器,75mm,13,个,11.43,0,2,1,210
玻璃开孔器,80mm,22,个,12.18,0,2,1,210
玻璃开孔器,85mm,25,个,12.93,0,3,1,210
玻璃开孔器,90mm,28,个,13.72,0,3,1,210
玻璃开孔器,95mm,28,个,14.54,0,3,1,210
玻璃开孔器,100mm,23,个,15.22,0,3,1,210
水钻头,116*370mm,17,个,51.99,0,4,1,209
水钻头,120*370mm,11,个,51.99,0,4,1,209
水钻头,140*370mm,12,个,66.78,0,4,1,209
水钻头,168*370mm,15,个,81.66,0,4,1,209
水钻头,200*370mm,18,个,108.88,0,4,1,209
双合金开孔器,14mm,20,个,4.66,0,10,1,208
双合金开孔器,16mm,10,个,4.66,0,10,1,208
双合金开孔器,18mm,10,个,5.24,0,10,1,208
双合金开孔器,19.5mm,20,个,5.63,0,10,1,208
双合金开孔器,20mm,185,个,5.83,0,10,1,208
双合金开孔器,22mm,10,个,6.3,0,10,1,208
双合金开孔器,22.5mm,20,个,6.55,0,10,1,208
双合金开孔器,25mm,94,个,7.28,0,10,1,208
双合金开孔器,25.5mm,20,个,7.43,0,10,1,208
双合金开孔器,28mm,28,个,8.26,0,10,1,208
双合金开孔器,30mm,25,个,8.56,0,10,1,208
双合金开孔器,32mm,251,个,9.32,0,10,1,208
双合金开孔器,35mm,4,个,10.2,0,10,1,208
双合金开孔器,38mm,20,个,11.07,0,10,1,208
双合金开孔器,40mm,10,个,11.69,0,10,1,208
双合金开孔器,42mm,10,个,12.23,0,10,1,208
双合金开孔器,45mm,10,个,13.11,0,10,1,208
双合金开孔器,50mm,107,个,14.56,0,10,1,208
双合金开孔器,53mm,11,个,15.44,0,10,1,208
双合金开孔器,55mm,28,个,15.87,0,10,1,208
双合金开孔器,60mm,12,个,17.48,0,10,1,208
双合金开孔器,65mm,11,个,19.3,0,3,1,208
双合金开孔器,70mm,12,个,20.39,0,10,1,208
双合金开孔器,75mm,10,个,21.84,0,10,1,208
麻花钻,麻花钻 1.0,160,支,0.23,0,100,1,207
麻花钻,麻花钻 1.5,146,支,0.23,0,40,1,207
麻花钻,麻花钻 2.0,120,支,0.28,0,40,1,207
麻花钻,麻花钻 2.5,87,支,0.31,0,40,1,207
麻花钻,麻花钻 2.8,160,支,0.39,0,40,1,207
麻花钻,麻花钻 3.0,70,支,0.39,0,40,1,207
麻花钻,麻花钻 3.2,120,支,0.35,0,40,1,207
麻花钻,麻花钻 3.5,60,支,0.4,0,40,1,207
麻花钻,麻花钻 4.0,70,支,0.5,0,40,1,207
麻花钻,麻花钻 4.2,160,支,0.54,0,40,1,207
麻花钻,麻花钻 4.5,70,支,0.63,0,40,1,207
麻花钻,麻花钻 5.0,110,支,0.7,0,40,1,207
麻花钻,麻花钻 5.2,80,支,0.78,0,40,1,207
麻花钻,麻花钻 5.5,120,支,0.92,0,40,1,207
麻花钻,麻花钻 6.0,51,支,0.9,0,40,1,207
麻花钻,麻花钻 6.2,160,支,1.07,0,40,1,207
麻花钻,麻花钻 6.5,180,支,1.07,0,40,1,207
麻花钻,麻花钻 7.0,135,支,1.31,0,40,1,207
麻花钻,麻花钻 7.2,180,支,1.5,0,40,1,207
麻花钻,麻花钻 7.5,200,支,1.5,0,40,1,207
麻花钻,麻花钻 8.0,228,支,2.28,0,40,1,207
麻花钻,麻花钻 8.5,180,支,2.14,0,40,1,207
麻花钻,麻花钻 9.0,85,支,2.34,0,20,1,207
麻花钻,麻花钻 9.5,80,支,2.72,0,20,1,207
麻花钻,麻花钻 10,158,支,3.2,0,20,1,207
麻花钻,麻花钻 10.5,65,支,3.5,0,20,1,207
麻花钻,麻花钻 11,85,支,4.17,0,20,1,207
麻花钻,麻花钻 11.5,90,支,4.17,0,20,1,207
麻花钻,麻花钻 12（缩柄）,121,支,6.28,0,20,1,207
麻花钻,麻花钻 12.5（缩柄）,100,支,5.44,0,20,1,207
麻花钻,麻花钻 13（缩柄）,90,支,6.02,0,20,1,207
铁链,3厘*20米 8斤,22,扎,19.87,0,8,1,206
铁链,3厘*42米18斤,25,扎,43.54,0,8,1,206
铁链,4厘*30米18斤,1,扎,43.54,0,8,1,206
铁链,5厘*8米18斤,17,扎,42.57,0,8,1,206
铁链,6厘*13米18斤,13,扎,42.09,0,8,1,206
铁链,8厘*8.5米8斤,30,扎,40.64,0,8,1,206
多功能陶瓷硬质钻,6mm,50,支,1.32,0,20,1,206
多功能陶瓷硬质钻,8mm,350,支,1.76,0,20,1,206
多功能陶瓷硬质钻,10mm,450,支,2.16,0,40,1,206
多功能陶瓷硬质钻,12mm,460,支,2.64,0,40,1,206
四方电锤镐头,14*250mm（尖）,103,支,1.84,0,20,1,205
四方电锤镐头,14*250mm（平）,122,支,1.95,0,20,1,205
四方电锤镐头,14*400mm（尖）,86,支,4.23,0,20,1,205
四方电锤镐头,14*400mm（平）,142,支,4.24,0,20,1,205
六角电锤镐头,17*280mm（尖）,93,支,2.77,0,20,1,204
六角电锤镐头,17*280mm（平）,108,支,3.5,0,20,1,204
六角电锤镐头,17*400mm（尖）,101,支,4.49,0,14,1,204
六角电锤镐头,17*400mm（平）,84,支,4.9,0,14,1,204
冲击钻头（圆柄）,6*110,210,支,1.31,0,20,1,203
冲击钻头（圆柄）,6*150,280,支,1.32,0,20,1,203
冲击钻头（圆柄）,8*150,306,支,1.46,0,20,1,203
冲击钻头（圆柄）,10*150,195,支,1.77,0,20,1,203
冲击钻头（圆柄）,14*150,204,支,2.74,0,10,1,203
冲击钻头（圆柄）,16*150,217,支,2.77,0,10,1,203
冲击钻头（圆柄）,6*200,310,支,1.62,0,20,1,203
冲击钻头（圆柄）,8*200,130,支,1.82,0,20,1,203
冲击钻头（圆柄）,10*200,200,支,1.9,0,20,1,203
冲击钻头（圆柄）,12*200,71,支,2.24,0,20,1,203
冲击钻头（圆柄）,14*200,162,支,2.84,0,20,1,203
冲击钻头（圆柄）,16*200,126,支,3.03,0,20,1,203
冲击钻头（圆柄）,18*200,126,支,4.38,0,10,1,203
冲击钻头（圆柄）,20*200,109,支,5.04,0,10,1,203
冲击钻头（圆柄）,22*200,141,支,6.26,0,10,1,203
冲击钻头（圆柄）,25*200,145,支,7.3,0,10,1,203
冲击钻头（圆柄）,10*350,169,支,3.54,0,6,1,203
冲击钻头（圆柄）,12*350,190,支,3.63,0,6,1,203
冲击钻头（圆柄）,14*350,124,支,3.88,0,6,1,203
冲击钻头（圆柄）,16*350,111,支,4.03,0,6,1,203
冲击钻头（圆柄）,18*350,105,支,5.23,0,6,1,203
冲击钻头（圆柄）,20*350,94,支,6.5,0,6,1,203
冲击钻头（圆柄）,22*350,157,支,7.7,0,6,1,203
冲击钻头（圆柄）,25*350,15,支,9.63,0,6,1,203
冲击钻头（圆柄）,28*350,120,支,14.94,0,6,1,203
冲击钻头（圆柄）,30*350,25,支,16.5,0,6,1,203
冲击钻头（圆柄）,32*350,27,支,18.93,0,6,1,203
冲击钻头（方柄）,6*110,302,支,1.36,0,20,1,202
冲击钻头（方柄）,6*150,378,支,1.36,0,20,1,202
冲击钻头（方柄）,8*150,300,支,1.46,0,20,1,202
冲击钻头（方柄）,10*150,6,支,1.6,0,20,1,202
冲击钻头（方柄）,12*150,7,支,1.86,0,20,1,202
冲击钻头（方柄）,14*150,75,支,2.74,0,20,1,202
冲击钻头（方柄）,16*150,108,支,2.81,0,20,1,202
冲击钻头（方柄）,6*200,90,支,1.84,0,20,1,202
冲击钻头（方柄）,8*200,90,支,1.89,0,20,1,202
冲击钻头（方柄）,10*200,115,支,1.82,0,20,1,202
冲击钻头（方柄）,12*200,8,支,2.37,0,20,1,202
冲击钻头（方柄）,14*200,160,支,2.94,0,20,1,202
冲击钻头（方柄）,16*200,185,支,3.04,0,20,1,202
冲击钻头（方柄）,18*200,72,支,3.88,0,20,1,202
冲击钻头（方柄）,20*200,69,支,4.37,0,20,1,202
冲击钻头（方柄）,22*200,90,支,5.34,0,20,1,202
冲击钻头（方柄）,25*200,72,支,6.31,0,20,1,202
冲击钻头（方柄）,8*350,50,支,3.5,0,10,1,202
冲击钻头（方柄）,10*350,150,支,3.53,0,10,1,202
冲击钻头（方柄）,12*350,139,支,3.65,0,10,1,202
冲击钻头（方柄）,14*350,132,支,3.92,0,10,1,202
冲击钻头（方柄）,16*350,97,支,4,0,4,1,202
冲击钻头（方柄）,18*350,54,支,5.71,0,4,1,202
冲击钻头（方柄）,20*350,39,支,7.2,0,4,1,202
冲击钻头（方柄）,22*350,26,支,9,0,4,1,202
冲击钻头（方柄）,25*350,48,支,9.21,0,4,1,202
冲击钻头（方柄）,28*350,60,支,15.69,0,4,1,202
冲击钻头（方柄）,30*350,15,支,16.5,0,4,1,202
冲击钻头（方柄）,32*350,54,支,21.65,0,4,1,202
电锤钻头（方）,8*280,50,支,3.11,0,10,1,201
电锤钻头（方）,10*280,30,支,3.2,0,10,1,201
电锤钻头（方）,12*280,20,支,3.3,0,10,1,201
电锤钻头（方）,14*280,19,支,3.59,0,10,1,201
电锤钻头（方）,16*280,50,支,3.88,0,10,1,201
电锤钻头（方）,18*280,40,支,4.95,0,10,1,201
电锤钻头（方）,20*280,50,支,5.53,0,10,1,201
电锤钻头（方）,22*280,49,支,6.8,0,10,1,201
电锤钻头（方）,25*280,40,支,8.25,0,10,1,201
木柄羊角锤,250G,53,支,4.08,0,16,1,200
木柄羊角锤,750G,21,支,6.63,0,8,1,200
防滑防电木羊角锤,500G,15,支,5.78,0,19,1,199
木柄圆头锤,1.5p,100,支,6.42,0,22,1,198
木柄圆头锤,2p,92,支,7.6,0,22,1,198
木柄圆头锤,2.5p,87,支,8.77,0,19,1,198
木柄八角锤,4P,163,支,6.42,0,56,1,197
木柄八角锤,6P,59,支,7.49,0,36,1,197
木柄八角锤,8P,8,支,8.45,0,18,1,197
加固斧头,,60,支,7.29,0,8,1,196
木柄钳工锤,200G,80,支,3.21,0,20,1,195
木柄钳工锤,300G,60,支,3.53,0,20,1,195
木柄钳工锤,500G,52,支,4.6,0,16,1,195
橡皮锤,1000g,88,支,3.21,0,20,1,194
橡皮锤,1500g,47,支,3.64,0,16,1,194
胶柄八角锤,24P,5,支,35.32,0,3,1,193
包塑柄羊角锤,250G,76,支,4.08,0,16,1,192
包塑柄羊角锤,750G,31,支,6.63,0,8,1,192
三层工具车（加厚）,,5,台,106.8,0,1,1,191
500cc黑金刚黄油枪（黄色）,,8,支,18.45,0,4,1,190
胎压表,,14,个,13.59,0,4,1,189
铁式机油壶400g,,19,个,5.34,0,4,1,188
PPR 热熔机 75-110mm,,3,台,100,0,2,1,187
PPR 热熔机,20-32mm,7,台,37.9,0,2,1,186
PPR 热熔机,20-63mm,9,台,56.4,0,2,1,186
手持式电焊面罩,,88,个,3.14,0,24,1,185
电焊眼镜,（白）,57,个,0.58,0,51,1,184
电焊眼镜,（黑）,284,个,0.88,0,51,1,184
牛皮鬼脸电焊眼镜,（白）,37,个,0.83,0,30,1,183
牛皮鬼脸电焊眼镜,（黑）,40,个,0.97,0,30,1,183
800A赛克轻型电焊钳（盒装）,,19,支,10.17,0,8,1,182
300A小迷你电焊钳,,46,支,8.54,0,10,1,181
电线夹,300A,89,个,2.8,0,10,1,180
电线夹,500A,50,个,4.89,0,10,1,180
氧割枪,30型,15,支,33.99,0,4,1,179
氧割枪,100型,16,支,37.86,0,4,1,179
割嘴,30型#1,85,个,2.33,0,20,1,178
割嘴,30型#2,65,个,2.33,0,20,1,178
割嘴,30型#3,90,个,2.33,0,20,1,178
割嘴,100型#1,70,个,3.11,0,20,1,178
割嘴,100型#2,85,个,3.11,0,20,1,178
割嘴,100型#3,75,个,3.11,0,20,1,178
减压表,氧气减压表,15,个,26.41,0,4,1,177
减压表,丙烷减压表,17,个,26.45,0,4,1,177
减压表,乙炔减压表,15,个,27.34,0,4,1,177
二氧化碳减压表（合金）,,14,个,39.81,0,4,1,176
氩气减压表（合金）,,4,个,26.21,0,4,1,175
回火阀,氧气,86,个,4.08,0,20,1,174
回火阀,乙炔,91,个,4.08,0,20,1,174
双色氧气管,20米,50,卷,84.5,0,12,1,173
双色氧气管,30米,45,卷,121.2,0,12,1,173
双色氧气管,50米,28,卷,193.6,0,6,1,173
喷火枪,30#（440m）,21,支,16.29,0,3,1,172
喷火枪,35#（490m）,7,支,16.5,0,3,1,172
喷火枪,50#（690m）,11,支,21.36,0,3,1,172
喷火枪,63#（710m）,12,支,27.18,0,3,1,172
外热式电烙铁,40w（尖）,21,支,8.26,0,4,1,171
外热式电烙铁,60w（尖）,8,支,9.23,0,4,1,171
高性能免洗焊锡丝（B款1.0）,,20,卷,4.67,0,8,1,170
焊锡膏,100g,41,瓶,0.58,0,20,1,169
水泥胶枪（不锈钢）,（尖头）,15,支,22.12,0,2,1,168
水泥胶枪（不锈钢）,（扁头）,1,支,22.33,0,2,1,168
118不锈钢结构胶枪,118不锈钢,12,支,10.2,0,24,1,166
省力迷你拉铆,13寸,11,支,27.18,0,3,1,164
17寸环保壶拉铆枪,,11,支,18.45,0,4,1,163
赛克柄拉铆枪（SK)17寸,,12,支,15.53,0,4,1,162
高压水枪套装,15米,8,套,26.02,0,4,1,161
高压水枪套装,20米,2,套,31.07,0,2,1,161
精品水枪（大黄蜂）,,48,支,11.5,0,2,1,160
100W热熔胶枪605,黑色,23,支,10.47,0,3,1,159
长吹尘枪,,20,支,5.05,0,4,1,158
小柱B款玻璃胶枪,DT9319B 小双柱挤胶枪（9寸/230mm）,2341,支,2.9,0,0,1,157
高档188单色柄美工刀（大）,188单色,37,支,1.17,0,60,1,155
赛克高档美工刀片0.5厚,0.5厚,7280,片,0.11,0,400,1,154
高档117裁纸小美工刀,高档117,22,支,0.68,0,20,1,153
117裁纸小美工刀片,,1430,片,0.07,0,400,1,152
赛克清洁刀300（挂卡）,,19,支,2.79,0,24,1,151
高档加重敲击清洁刀,300,8,支,7.28,0,12,1,150
高档加重敲击清洁刀,600,53,支,8.74,0,12,1,150
高档加重敲击清洁刀,900,38,支,10.19,0,12,1,150
不锈钢油灰刀,1寸,484,支,1.5,0,10,1,149
不锈钢油灰刀,2寸,436,支,1.55,0,10,1,149
不锈钢油灰刀,3寸,458,支,1.66,0,10,1,149
不锈钢油灰刀,4寸,332,支,1.75,0,8,1,149
不锈钢油灰刀,5寸,261,支,1.86,0,7,1,149
赛克玻璃刀（铝杆）,,38,支,7.28,0,10,1,148
木柄油灰刀,木柄油灰刀1寸,175,支,0.5,0,48,1,147
木柄油灰刀,木柄油灰刀2寸,96,支,0.6,0,48,1,147
木柄油灰刀,木柄油灰刀3寸,156,支,0.96,0,48,1,147
木柄油灰刀,木柄油灰刀4寸,145,支,1.07,0,48,1,147
木柄油灰刀,木柄油灰刀5寸,132,支,1.28,0,48,1,147
A1双色剪刀,20.5CM*10.2CM*7CM,817,把,2.8,0,252,1,146
好锋利小美工刀,888不锈钢,1570,支,0.56,0,320,1,145
喷漆下壶,（PQ-2）1000ml,17,个,35.95,0,2,1,144
喷漆下壶（W71）,（W71）600ml,33,个,32.98,0,2,1,143
35型不锈钢打气筒,35型,29,支,9.22,0,7,1,142
玻璃吸盘 （单盘）,（单盘）,39,个,7.01,0,3,1,141
玻璃吸盘 （双盘）,（双盘）,6,个,16.5,0,5,1,140
玻璃吸盘 （三盘）,（三盘）,30,个,25.01,0,3,1,139
喷漆壶（F-75）上壶,（F-75）上壶G 400ml,11,个,29.19,0,1,1,138
砖刀（红柄）,,122,支,5.25,0,48,1,137
灰匙,方,207,支,1.64,0,45,1,136
铁泥板,7*9*21,264,个,1.56,0,34,1,135
塑料泥板,12.5*10.5*30（小号）,75,个,2.83,0,20,1,134
塑料泥板,15*15*29（大号）,187,个,2.6,0,16,1,134
油漆刷,油刷1寸,1477,支,0.23,0,340,1,133
油漆刷,油刷2寸,841,支,0.47,0,300,1,133
油漆刷,油刷3寸,662,支,0.7,0,210,1,133
油漆刷,油刷4寸,126,支,0.94,0,144,1,133
油漆刷,油刷5寸,445,支,1.17,0,120,1,133
油漆刷,油刷6寸,367,支,1.41,0,96,1,133
油漆刷,油刷8寸,295,支,1.88,0,72,1,133
羊毛刷,羊毛刷1寸,874,支,0.37,0,200,1,132
羊毛刷,羊毛刷2寸,1595,支,0.72,0,360,1,132
羊毛刷,羊毛刷3寸,947,支,1.1,0,240,1,132
羊毛刷,羊毛刷4寸,806,支,1.5,0,180,1,132
羊毛刷,羊毛刷5寸,664,支,1.87,0,140,1,132
灰桶38#压不烂,,188,个,2.96,0,100,1,131
卷尺子（芒果极小款）,3*19mm磨砂,146,个,2.33,0,48,1,130
卷尺子（芒果极小款）,5*19mm磨砂,2854,个,3.11,0,43,1,130
卷尺子（芒果极小款）,5*25mm磨砂,97,个,3.73,0,36,1,130
卷尺子（芒果极小款）,10*25mm磨砂,18,个,7.29,0,19,1,130
尼龙三倍速架尺,30米,14,个,34.95,0,3,1,129
尼龙三倍速架尺,50米,9,个,48.54,0,3,1,129
尼龙三倍速架尺,100米,14,个,97.09,0,3,1,129
塑壳漆条架尺,30米,12,个,21.36,0,3,1,128
塑壳漆条架尺,50米,10,个,25.24,0,3,1,128
不锈钢架尺大架,30米,11,个,17.48,0,3,1,127
不锈钢架尺大架,50米,8,个,19.42,0,3,1,127
不锈钢架尺大架,100米,12,个,32.52,0,3,1,127
黄壳皮尺,20米,7,个,3.88,0,3,1,126
黄壳皮尺,30米,54,个,5,0,3,1,126
黄壳皮尺,50米,13,个,7.3,0,3,1,126
电子测距轮,（小轮）,10,个,66.01,0,1,1,125
万用表9205（大）,9205（大）,23,个,20.4,0,3,1,124
万用表（全自动）805,（全自动）805,11,个,34.99,0,3,1,123
266钳形万用表（大）,266钳形万用表（大）,19,个,19.97,0,4,1,122
绿光水平仪（塑箱）,三线,4,台,116.5,0,2,1,121
水平仪支架,1米,7,台,14.59,0,1,1,120
水平仪支架,1.2米,24,台,16.02,0,1,1,120
水平仪支架,1.5米,3,台,20.39,0,1,1,120
铝合金水平尺（带磁）,300mm,7,支,6.8,0,4,1,119
铝合金水平尺（带磁）,600mm,10,支,8.63,0,4,1,119
铝合金水平尺（带磁）,800mm,10,支,10.19,0,4,1,119
铝合金水平尺（带磁）,1000mm,11,支,12.62,0,4,1,119
不锈钢角尺,300mm,24,支,2.72,0,5,1,118
不锈钢角尺,500mm,9,支,5.44,0,5,1,118
游标卡尺（普）,（普）杭宇150mm,9,支,17.48,0,3,1,117
不锈钢游标卡尺,300mm,6,支,36.89,0,2,1,116
不锈钢游标卡尺,200mm,10,支,58.25,0,2,1,116
数显游标卡尺,150mm,1,支,45.12,0,2,1,115
千分尺,0-25mm,7,支,31.07,0,2,1,114
直尺,300mm,15,支,1.84,0,4,1,113
直尺,500mm,15,支,3.11,0,4,1,113
直尺,600mm,19,支,3.4,0,4,1,113
直尺,1000mm,13,支,8.24,0,2,1,113
直尺,1500mm,9,支,17.48,0,2,1,113
新款手动墨斗,50m,24,个,6.81,0,10,1,112
东鸿4KG新国标手提灭火器,,43,支,39.31,0,600,0,111
半自动墨斗,30m,9,个,3.15,0,10,1,111
吊坠,300g,3,个,4.37,0,3,1,110
吊坠,500g,21,个,5.59,0,2,1,110
吊坠,700g,4,个,6.99,0,3,1,110
零级度 绿光水平仪（两电）,三线,19,台,89.67,0,5,1,109
牛皮纹十字螺丝刀,3*75,86,支,1.36,0,42,1,107
牛皮纹十字螺丝刀,5*75,155,支,2.33,0,48,1,107
牛皮纹十字螺丝刀,5*100,103,支,2.43,0,48,1,107
牛皮纹十字螺丝刀,5*150,65,支,2.62,0,48,1,107
牛皮纹十字螺丝刀,5*250,189,支,4.37,0,48,1,107
牛皮纹十字螺丝刀,6*100,391,支,2.72,0,96,1,107
牛皮纹十字螺丝刀,6*150,169,支,2.94,0,48,1,107
牛皮纹十字螺丝刀,6*250,138,支,4.08,0,36,1,107
牛皮纹十字螺丝刀,6*300,169,支,4.47,0,36,1,107
牛皮纹一字螺丝刀,3*75,146,支,1.36,0,42,1,106
牛皮纹一字螺丝刀,5*75,207,支,2.33,0,48,1,106
牛皮纹一字螺丝刀,5*100,185,支,2.43,0,48,1,106
牛皮纹一字螺丝刀,5*150,172,支,2.62,0,48,1,106
牛皮纹一字螺丝刀,5*250,236,支,4.37,0,48,1,106
牛皮纹一字螺丝刀,6*100,209,支,2.72,0,48,1,106
牛皮纹一字螺丝刀,6*150,166,支,2.91,0,48,1,106
牛皮纹一字螺丝刀,6*250,170,支,4.08,0,36,1,106
牛皮纹一字螺丝刀,6*300,165,支,4.47,0,36,1,106
4厘杆精品两用螺丝刀,4厘杆,46,支,1.27,0,22,1,105
软胶黄柄十字穿芯螺丝刀,8*200,28,支,4.08,0,10,1,104
软胶黄柄十字穿芯螺丝刀,8*250,36,支,4.37,0,10,1,104
软胶黄柄十字穿芯螺丝刀,8*300,41,支,4.66,0,10,1,104
软胶黄柄一字穿芯螺丝刀,8*200,22,支,4.08,0,10,1,103
软胶黄柄一字穿芯螺丝刀,8*250,38,支,4.37,0,10,1,103
软胶黄柄一字穿芯螺丝刀,8*300,17,支,4.66,0,10,1,103
多用螺丝刀43件套,43件套,12,支,19.42,0,4,1,102
多用螺丝刀47件套,47件套,19,套,26.21,0,4,1,101
冲击螺丝刀 7件套,7件套,15,套,23.3,0,3,1,100
冲击螺丝刀 13件套,13件套,13,套,29.13,0,3,1,99
挂式铜头测电笔301,301,116,支,0.8,0,29,1,98
数显带电测电笔,,78,支,1.95,0,28,1,97
S2材质双头旋具（大头）,65mm长,45,支,0.68,0,40,1,96
S2材质双头旋具（大头）,100mm长,285,支,0.97,0,40,1,96
6150型双头加长风批头,110mm,263,支,0.88,0,40,1,95
两用风批头,,428,支,0.87,0,80,1,94
小萝卜头两用螺丝刀,38*6,13,支,1.29,0,6,1,93
开槽护齿金刚石切片,114*20*14*1.8mm（4寸）,60,片,6.5,0,120,1,91
开槽护齿金刚石切片,125*20*15*1.8mm（5寸）,124,片,7.3,0,45,1,91
开槽护齿金刚石切片,135*20*15*1.8mm（6寸）,127,片,7.8,0,45,1,91
开槽护齿金刚石切片,156*22.23*15*2.2mm（小7寸）,68,片,13,0,30,1,91
开槽护齿金刚石切片,168*22.23*16*2.2mm（大7寸）,84,片,13,0,30,1,91
开槽护齿金刚石切片,210*25.4*17*2.6mm（9寸）,88,片,25,0,30,1,91
马路切片,350mm*15（14寸）,50,片,110,0,15,1,90
马路切片,400mm*15（16寸）,16,片,125,0,15,1,90
陶瓷细波纹金刚切片,105*20*1.1,443,片,5.5,0,120,1,89
陶瓷箭型齿金刚切片,105*20*1.1,316,片,8,0,90,1,88
金刚石磨碗,100型号,94,片,6,0,45,1,87
弘仕达专业级绿砂切片（大）,350mm（14寸）,91,片,5.2,0,200,1,86
弘仕达专业级绿砂切片（大）,400mm（16寸）,100,片,6.2,0,120,1,86
弘仕达专业级绿砂切片 4寸,4寸,11740,片,0.43,0,4000,1,85
金锐特专业级绿砂磨片,4寸,855,片,1,0,400,1,84
木工锯片,木工锯片 4寸(30T),102,片,6.81,0,10,1,83
木工锯片,木工锯片 4寸(40T),121,片,7.77,0,10,1,83
木工锯片,木工锯片 5寸（40T）,84,片,10.68,0,4,1,83
木工锯片,木工锯片 7寸（60T）,8,片,18.93,0,5,1,83
木工锯片,木工锯片 7寸（80T）,21,片,23.73,0,4,1,83
木工锯片,木工锯片 9寸（60T）,2,片,28.16,0,3,1,83
木工锯片,木工锯片 9寸（80T）,38,片,35.08,0,4,1,83
木工锯片,木工锯片 10寸（60T）,19,片,36.89,0,4,1,83
木工锯片,木工锯片 10寸（80T）,15,片,40.78,0,3,1,83
木工锯片,木工锯片 10寸（100T）,15,片,48.54,0,3,1,83
木工锯片,木工锯片 12寸（80T）,25,片,55.66,0,2,1,83
木工锯片,木工锯片 12寸（100T）,10,片,67.96,0,2,1,83
专业级百叶轮（塑盖）,4寸,9,片,0.95,0,100,1,82
伸缩草坪剪,伸缩草坪剪,13,支,22.33,0,5,1,81
赛克伸缩粗枝剪（直刀）,赛克伸缩粗枝剪（直刀）,12,支,48.54,0,3,1,80
果枝剪,果枝剪713,15,支,7.65,0,3,1,79
电动加长六角套筒,电动加长六角套筒 17*150,1,个,3.59,0,5,1,78
电动加长六角套筒,电动加长六角套筒19*150,9,个,3.59,0,5,1,78
电动加长六角套筒,电动加长六角套筒 21*150,16,个,4.37,0,5,1,78
电动加长六角套筒,电动加长六角套筒 22*150,26,个,4.37,0,5,1,78
电动加长六角套筒,电动加长六角套筒 24*150,10,个,5.05,0,5,1,78
电动加长六角套筒,电动加长六角套筒 27*150,12,个,7.48,0,5,1,78
赛克电动加长六角套筒（长8cm）,电动加长六角套筒 8mm,144,个,3.01,0,4,1,77
赛克电动加长六角套筒（长8cm）,电动加长六角套筒 9mm,177,个,3.01,0,4,1,77
赛克电动加长六角套筒（长8cm）,电动加长六角套筒 10,134,个,3.01,0,4,1,77
赛克电动加长六角套筒（长8cm）,电动加长六角套筒 11,177,个,3.01,0,4,1,77
赛克电动加长六角套筒（长8cm）,电动加长六角套筒 12,146,个,3.01,0,4,1,77
赛克电动加长六角套筒（长8cm）,电动加长六角套筒 13,144,个,3.01,0,4,1,77
赛克电动加长六角套筒（长8cm）,电动加长六角套筒 14,93,个,3.01,0,4,1,77
赛克电动加长六角套筒（长8cm）,电动加长六角套筒 15,147,个,3.01,0,4,1,77
赛克电动加长六角套筒（长8cm）,电动加长六角套筒 16,168,个,3.01,0,4,1,77
赛克电动加长六角套筒（长8cm）,电动加长六角套筒 18,176,个,4.5,0,3,1,77
赛克电动加长六角套筒（长8cm）,电动加长六角套筒 19,20,个,4.66,0,3,1,77
赛克电动加长六角套筒（长8cm）,电动加长六角套筒 20,21,个,4.56,0,5,1,77
赛克电动加长六角套筒（长8cm）,电动加长六角套筒 21,21,个,4.66,0,5,1,77
赛克电动加长六角套筒（长8cm）,电动加长六角套筒 22,13,个,5.24,0,5,1,77
赛克电动加长六角套筒（长8cm）,电动加长六角套筒 23,23,个,5.73,0,5,1,77
赛克电动加长六角套筒（长8cm）,电动加长六角套筒 24,5,个,5.73,0,5,1,77
赛克电动加长六角套筒（长8cm）,电动加长六角套筒 27,16,个,8.54,0,5,1,77
赛克电动加长六角套筒（长8cm）,电动加长六角套筒 30,18,个,10.68,0,5,1,77
赛克电动加长六角套筒（长8cm）,电动加长六角套筒 32,19,个,11.65,0,5,1,77
赛克电动加长六角套筒（长8cm）,电动加长六角套筒 34,20,个,12.14,0,5,1,77
赛克电动加长六角套筒（长8cm）,电动加长六角套筒 36,13,个,13.11,0,5,1,77
赛克电动加长六角套筒（长8cm）,电动加长六角套筒 41,22,个,13.59,0,5,1,77
3/4重型套筒,3/4重型套筒 17mm,10,个,6.31,0,3,1,76
3/4重型套筒,3/4重型套筒 19mm,10,个,6.31,0,3,1,76
3/4重型套筒,3/4重型套筒 18mm,14,个,6.31,0,3,1,76
3/4重型套筒,3/4重型套筒 21mm,10,个,6.31,0,3,1,76
3/4重型套筒,3/4重型套筒 22mm,9,个,6.31,0,3,1,76
3/4重型套筒,3/4重型套筒 24mm,12,个,6.31,0,3,1,76
3/4重型套筒,3/4重型套筒 27mm,16,个,6.31,0,3,1,76
3/4重型套筒,3/4重型套筒 30mm,8,个,6.99,0,3,1,76
3/4重型套筒,3/4重型套筒 32mm,6,个,6.99,0,3,1,76
3/4重型套筒,3/4重型套筒 33mm,13,个,6.99,0,3,1,76
3/4重型套筒,3/4重型套筒 34mm,12,个,6.99,0,3,1,76
3/4重型套筒,3/4重型套筒 36mm,5,个,6.82,0,3,1,76
3/4重型套筒,3/4重型套筒 38mm,15,个,7.38,0,3,1,76
3/4重型套筒,3/4重型套筒 41mm,24,个,7.23,0,3,1,76
3/4重型套筒,3/4重型套筒 46mm,6,个,12.62,0,3,1,76
3/4重型套筒,3/4重型套筒 50mm,10,个,14.56,0,3,1,76
3/4重型套筒,3/4重型套筒 55mm,9,个,17.96,0,3,1,76
3/4重型套筒,3/4重型套筒 60mm,14,个,20.39,0,2,1,76
3/4重型套筒,3/4重型套筒 65mm,14,个,21.36,0,2,1,76
3/4重型套筒,3/4重型套筒 70mm,15,个,23.3,0,2,1,76
3/4重型套筒,3/4重型套筒 75mm,6,个,29.13,0,2,1,76
120长重型套筒,120长重型套筒 22mm,10,个,15.09,0,2,1,75
120长重型套筒,120长重型套筒 24mm,3,个,15.05,0,2,1,75
120长重型套筒,120长重型套筒 27mm,10,个,15.09,0,2,1,75
120长重型套筒,120长重型套筒 30mm,8,个,15,0,2,1,75
120长重型套筒,120长重型套筒 32mm,8,个,15.09,0,2,1,75
120长重型套筒,120长重型套筒 33mm,10,个,15.09,0,2,1,75
120长重型套筒,120长重型套筒 34mm,9,个,15.09,0,2,1,75
120长重型套筒,120长重型套筒 36mm,5,个,16.09,0,2,1,75
120长重型套筒,120长重型套筒 38mm,7,个,16.1,0,1.2,1,75
120长重型套筒,120长重型套筒 41mm,24,个,16.43,0,1.2,1,75
120长重型套筒,120长重型套筒 46mm,7,个,24.7,0,1.2,1,75
120长重型套筒,120长重型套筒 50mm,17,个,31.48,0,1.2,1,75
120长重型套筒,120长重型套筒 55mm,10,个,37.29,0,1.2,1,75
赛克磁力套筒头,磁力套筒头6*42mm,69,个,0.73,0,50,1,74
赛克磁力套筒头,磁力套筒头 8*48mm,186,个,0.74,0,48,1,74
赛克磁力套筒头,磁力套筒头 10*48mm,224,个,0.78,0,50,1,74
赛克磁力套筒头,磁力套筒头6*65mm,105,个,0.97,0,30,1,74
赛克磁力套筒头,磁力套筒头 8*65mm,65,个,0.97,0,30,1,74
赛克磁力套筒头,磁力套筒头 10*65mm,103,个,1.07,0,24,1,74
赛克六角旋具套筒,六角旋具套筒 H4*78mm,11,个,2.43,0,5,1,73
赛克六角旋具套筒,六角旋具套筒 H10*78mm,2,个,2.43,0,5,1,73
赛克六角旋具套筒,六角旋具套筒 H12*78mm,12,个,3.4,0,5,1,73
赛克六角旋具套筒,六角旋具套筒 H14*78mm,12,个,6.31,0,4,1,73
赛克六角旋具套筒,六角旋具套筒 H17*78mm,28,个,7.28,0,3,1,73
赛克六角旋具套筒,六角旋具套筒 H19*78mm,28,个,8.25,0,3,1,73
赛克梅花旋具套筒,梅花旋具套筒 T20*78mm,21,个,3.4,0,5,1,72
赛克梅花旋具套筒,梅花旋具套筒 T27*78mm,24,个,3.4,0,5,1,72
赛克梅花旋具套筒,梅花旋具套筒 T25*78mm,21,个,3.4,0,5,1,72
赛克梅花旋具套筒,梅花旋具套筒 T30*78mm,19,个,3.4,0,5,1,72
赛克梅花旋具套筒,梅花旋具套筒 T35*78mm,21,个,3.4,0,5,1,72
赛克梅花旋具套筒,梅花旋具套筒 T40*78mm,21,个,3.4,0,5,1,72
赛克梅花旋具套筒,梅花旋具套筒 T45*78mm,21,个,3.4,0,5,1,72
赛克梅花旋具套筒,梅花旋具套筒 T50*78mm,19,个,3.4,0,5,1,72
赛克梅花旋具套筒,梅花旋具套筒 T52*78mm,21,个,4.47,0,5,1,72
赛克梅花旋具套筒,梅花旋具套筒 T55*78mm,21,个,4.85,0,5,1,72
赛克变径方套筒,变径方套筒 3/4″-1/2″,23,个,8.25,0,2,1,70
赛克变径方套筒,变径方套筒 1/2″-3/4″,4,个,7.8,0,2,1,70
赛克变径方套筒,变径方套筒 3/4″-1″,10,个,8.74,0,2,1,70
赛克变径方套筒,变径方套筒 1″-1/2″,17,个,8.74,0,2,1,70
套筒连接杆,套筒连接杆 250长,1,个,14.56,0,2,1,69
套筒万向接头,套筒万向接头,16,个,2.93,0,2,1,68
安全绳,16厘*15米,22,条,17.4,0,0,1,68
安全绳,16厘*20米,38,条,22.46,0,30,1,68
安全绳,16厘*30米,28,条,32.27,0,30,1,68
安全绳,16厘*50米,8,条,53.4,0,20,1,68
套筒滑接杆,套筒滑接杆,3,个,5.83,0,2,1,67
消防软梯,（纤维-10米）,24,条,60.21,0,10,1,67
消防软梯,（纤维-15米）,24,条,84.9,0,10,1,67
消防软梯,（纤维20米）,32,条,112.4,0,10,1,67
消防软梯,（纤维-30米）,24,条,168.1,0,5,1,67
平板锉,6寸 平板锉,18,支,4.19,0,2,1,66
平板锉,8寸 平板锉,4,支,5.44,0,5,1,66
平板锉,10寸 平板锉,14,支,7.77,0,3,1,66
平板锉,12寸 平板锉,16,支,10.39,0,3,1,66
担架（铁管喷塑）,,11,个,52.57,0,30,1,66
三角锉,6寸 三角锉,27,支,4.25,0,2,1,65
三角锉,8寸 三角锉,20,支,4.95,0,5,1,65
三角锉,10寸 三角锉,14,支,6.99,0,3,1,65
三角锉,12寸 三角锉,16,支,9.71,0,3,1,65
安全坐板（四层）,,35,条,27,0,6,1,65
半圆锉,6寸 半圆锉,36,支,4.77,0,2,1,64
半圆锉,8寸 半圆锉,22,支,6.21,0,5,1,64
半圆锉,10寸 半圆锉,14,支,8.35,0,3,1,64
半圆锉,12寸 半圆锉,14,支,10.87,0,3,1,64
安全带双背单绳,,29,条,8.5,0,50,1,64
钢丝轮,钢丝轮 4寸,243,个,0.91,0,30,1,63
安全带双背双绳,,105,条,16.55,0,50,1,63
钢丝刷,12排16根,139,个,0.84,0,100,1,62
开口扳手8件套,2.2*7/8*10/10*12/12*14/14*17/17*19/19*22/22*24,9,套,27.18,0,2,1,61
开口扳手10件套,2.2*7/8*10/10*12/12*14/14*17/17*19/19*22/22*24/24*,7,套,43.69,0,2,1,60
安全带全背双绳（欧式）国标,,46,条,66.45,0,50,1,60
世甲灯管&支架,世甲T8-20W-1.2米灯管,126,支,4,0,0,1,59
世甲灯管&支架,世甲T8-30W-1.2米灯管(玫瑰金),27,支,5.13,0,0,1,59
两用开口扳手10件套,8、9、10、12、13、14、17、19、22、24,9,套,39.81,0,2,1,59
自锁器,,20,个,13.5,0,4,1,59
壹度投光灯,50W投光灯,20,个,19.3,0,0,1,58
壹度投光灯,100W投光灯,18,个,33,0,0,1,58
两用开口扳手14件套,8、9、10、12、13、14、15.16.17.18.19.22.24,5,套,53.4,0,2,1,58
逃生缓降器,20米（纯钢丝绳）,1,套,13.85,0,0,1,58
安全带全背双绳（欧式缓冲双大钩）,《分体》,22,条,26.92,0,30,1,57
凯卓球泡,18W球泡,1,个,3.2,0,0,1,57
凯卓球泡,5W球泡,47,个,1.65,0,0,1,57
凯卓球泡,9W球泡,2,个,2.18,0,0,1,57
梅花扳手8件套,2.2*7/8*10/10*12/12*14/14*17/17*19/19*22/22*24,10,套,37.33,0,2,1,57
安全带全背双绳（双大钩）,3米,124,条,20.63,0,40,1,56
梅花扳手10件套,2.2*7/8*10/10*12/12*14/14*17/17*19/19*22/22*24/24*,8,套,61.17,0,2,1,56
力迪泰-4寸角向磨光机LDT-100-400W,4寸角向磨光机LDT-100-400W,162,台,45,0,40,1,55
亚明608系列投光灯,100w,27,个,35,0,8,1,55
亚明608系列投光灯,200w,13,个,65.1,0,6,1,55
亚明608系列投光灯,300w,12,个,95,0,6,1,55
亚明608系列投光灯,400w,2,个,116,0,6,1,55
亚光中长内六角扳手 9件套,9件套,36,套,5.63,0,24,1,55
反光衣（三角型）,（三角型）,875,件,4,0,200,1,55
力迪泰-4寸双速角磨LDT-125V（700W）,4寸双速角磨LDT-125V（700W）,195,台,64,0,40,1,54
亚明5050系列投光灯,50W,10,个,14,0,6,1,54
亚明5050系列投光灯,400w,16,个,65.77,0,6,1,54
梅花内六角扳手 9件套,9件套,50,套,6.31,0,12,1,54
459V型安全帽（国标，可过安检）,（蓝）,96,个,5.69,0,30,1,54
459V型安全帽（国标，可过安检）,（白）,151,个,5.03,0,30,1,54
459V型安全帽（国标，可过安检）,（红）,115,个,5.78,0,100,1,54
459V型安全帽（国标，可过安检）,（黄）,82,个,5.77,0,100,1,54
力迪泰-手电钻LDT-10RE（300w）,手电钻LDT-10RE（300w）,194,台,35,0,40,1,53
亚明9191系列,200w,4,个,66,0,4,1,53
亚明9191系列,300w,10,个,95,0,4,1,53
亚明9191系列,400w,10,个,135,0,4,1,53
亚明9191系列,500w,10,个,165,0,4,1,53
赛克套筒15件套,15件套,5,套,88.06,0,2,1,53
反光衣（马甲）,红,517,件,2,0,200,1,53
反光衣（马甲）,黄,53,件,2,0,200,1,53
75高明暗通用插座单联防溅盒,LZ-FJH21茶色透明（整箱规格53X48.5X59.5cm）产品尺寸102*112*70,201,个,3.2,0,40,1,52
力迪泰-调速手电钻-电钻LDT-10A（350w）,调速手电钻-电钻LDT-10A（350w）,197,台,44,0,40,1,52
亚明-充电投光灯,100w(ABS款),8,个,31.3,0,6,1,52
亚明-充电投光灯,200w(ABS款),2,个,45.01,0,6,1,52
赛克套筒26件套（重型）,26件套（重型）,3,套,252.43,0,1,1,52
拉链反光衣（网状）,（红燕尾）网状,716,件,4.43,0,200,1,52
拉链反光衣（网状）,（黄燕尾） 网状,66,件,5.32,0,200,1,52
17户外充电插座防水罩,LZ-FJH17（91X97开关插座56X42.7X44.5cm）,200,个,1.5,0,40,1,51
力迪泰-调速飞机钻--LDT160(850W),调速飞机钻--LDT160(850W),90,台,91,0,20,1,51
亚明鳍片经济款-塔吊灯,800w,1,个,67,0,4,1,51
亚明鳍片经济款-塔吊灯,1000w,34,个,69.91,0,4,1,51
亚明鳍片经济款-塔吊灯,1500w,43,个,112.11,0,2,1,51
亚明鳍片经济款-塔吊灯,3000w,14,个,267.37,0,4,1,51
赛克套筒28件套,28件套,3,套,160.19,0,2,1,51
反光衣（背心）,红,153,件,1.83,0,150,1,51
反光衣（背心）,黄,242,件,1.8,0,0,1,51
17户外充电插座防水罩(透明罩),LZ-FJH17（91X97开关插座-50X42.7X41cm）,21,个,2.5,0,32,1,50
变色龙-小电镐1450w,小电镐1450w,21,台,169,0,6,1,50
亚明建筑之星-纳米系列塔吊灯,600w,6,个,183,0,2,1,50
亚明建筑之星-纳米系列塔吊灯,800w,10,个,258,0,2,1,50
亚明建筑之星-纳米系列塔吊灯,1000w,12,个,300,0,2,1,50
亚明建筑之星-纳米系列塔吊灯,2000w,5,个,720,0,2,1,50
赛克套筒32件套（镜面）,32件套,7,套,82.52,0,2,1,50
玻璃钢安全帽（国标，可过安检）,红色,157,顶,13.82,0,50,1,50
玻璃钢安全帽（国标，可过安检）,黄色,109,顶,13.75,0,50,1,50
玻璃钢安全帽（国标，可过安检）,白色,66,顶,13.82,0,50,1,50
玻璃钢安全帽（国标，可过安检）,蓝色,29,顶,13.79,0,30,1,50
暗装86型单联插座防溅盒,LZ-FJH08（单联）白色透明（55X55X49CM）（独立包装）,5,个,2.8,0,40,1,49
锋霸-两用手电锤1100w,两用手电锤1100w,13,台,128,0,6,1,49
亚明螺口防水-工矿灯,50W,36,个,18,0,8,1,49
亚明螺口防水-工矿灯,100w,37,个,27,0,8,1,49
亚明螺口防水-工矿灯,150w,36,个,38,0,8,1,49
亚明螺口防水-工矿灯,200w,24,个,49,0,5,1,49
赛克套筒37件套（镜面）,37件套（镜面）,6,套,111.65,0,2,1,49
拉链反光衣（布状）,黄（布状）,414,套,4.94,0,200,1,49
拉链反光衣（布状）,红（布状）,380,套,5.04,0,200,1,49
暗装86型双联插座防溅盒,LZ-FJH08（双联）白色透明（53X51X40CM）,124,套,5.6,0,20,1,48
创一大电镐1200w,大电镐1200w,14,台,357,0,4,1,48
亚明-碘钨灯,50W,70,个,3.4,0,16,1,48
亚明-碘钨灯,100w,46,个,5.2,0,16,1,48
亚明-碘钨灯,200w,3,个,9.6,0,16,1,48
家用工具 13件套,13件套,6,套,46.6,0,2,1,48
防爆脚叉,可伸缩款,3,支,35.23,0,5,1,48
暗装86型单联防溅盒,LZ-FJH12（茶色透明）49.5X43X63cm（10个/盒）,109,个,1.5,0,40,1,47
防爆灯支架+T8灯管,18w单支架,15,套,26,0,0,1,47
防爆灯支架+T8灯管,18w双支架,12,套,44,0,0,1,47
警棍,50CM,34,个,9.01,0,5,1,47
17带底盒户外充电插座防水罩,LZ-FJH17（91X97开关插座56.5X46.7X52cm）,170,个,4.5,0,60,1,46
力迪泰-26型冲击钻-800W,26型冲击钻-800W,49,台,147.9,0,10,1,46
灯带,36V-2835-12珠8MDI双斜排白光（100米/卷）,14,卷,245,0,4,1,46
灯带,5730-120珠斜双排10MI暖光220v（100米/卷）,15,卷,202.52,0,4,1,46
精品电讯 35件套,35件套,4,套,111.65,0,2,1,46
长橡皮警棍,160cm,9,个,17,0,5,1,46
力迪泰-28型冲击钻-900W正反钻,28型冲击钻-900W正反钻,67,台,153,0,14,1,45
光源模组-单排灯珠,单排灯珠18W白光,54,个,3.98,0,0,1,45
光源模组-单排灯珠,单排灯珠24W白光,39,个,4.8,0,0,1,45
光源模组-单排灯珠,单排灯珠36W白光,82,个,6.2,0,0,1,45
光源模组-单排灯珠,单排灯珠48W双色,87,个,9.6,0,0,1,45
开口扳手,开口扳手5.5*7,20,个,1.75,0,8,1,45
开口扳手,开口扳手8*10,59,个,1.86,0,10,1,45
开口扳手,开口扳手9*11,30,个,1.99,0,10,1,45
开口扳手,开口扳手10*12,64,个,2.1,0,10,1,45
开口扳手,开口扳手11*13,39,个,2.33,0,10,1,45
开口扳手,开口扳手12*14,116,个,2.48,0,10,1,45
开口扳手,开口扳手13*15,20,个,2.74,0,10,1,45
开口扳手,开口扳手13*16,40,个,2.74,0,10,1,45
开口扳手,开口扳手14*17,6,个,2.93,0,40,1,45
开口扳手,开口扳手16*18,10,个,3.16,0,10,1,45
开口扳手,开口扳手17*19,53,个,3.01,0,10,1,45
开口扳手,开口扳手18*21,29,个,4.37,0,10,1,45
开口扳手,开口扳手19*22,31,个,4.37,0,10,1,45
开口扳手,开口扳手22*24,13,个,5.24,0,10,1,45
开口扳手,开口扳手24*27,33,个,6.8,0,10,1,45
开口扳手,开口扳手27*30,43,个,9.22,0,10,1,45
开口扳手,开口扳手30*32,46,个,10.68,0,10,1,45
开口扳手,开口扳手32*34,25,个,13.59,0,6,1,45
开口扳手,开口扳手32*36,27,个,14.56,0,6,1,45
开口扳手,开口扳手34*36,25,个,14.56,0,6,1,45
开口扳手,开口扳手36*41,22,个,20.87,0,6,1,45
开口扳手,开口扳手41*46,11,个,25.24,0,4,1,45
开口扳手,开口扳手46*50,4,个,38.83,0,2,1,45
开口扳手,开口扳手50*55,5,个,48.54,0,2,1,45
开口扳手,开口扳手55*60,7,个,83.5,0,2,1,45
防爆钢叉,可伸缩款,5,支,28,0,10,1,45
灯带电源插头,亚明灯带电源插头（可连接约20-30米）,55,套,2.1,0,20,1,44
灯带电源插头,亚明灯带电源插头15A（可连接约100米）,1,套,5.01,0,20,1,44
盛势-14寸切割机,14寸切割机-1800W,19,台,209,0,5,1,44
梅花扳手,梅花扳手5.5*7,20,个,2.09,0,8,1,44
梅花扳手,梅花扳手8*10,38,个,2.15,0,10,1,44
梅花扳手,梅花扳手9*11,40,个,2.43,0,10,1,44
梅花扳手,梅花扳手10*12,35,个,2.44,0,10,1,44
梅花扳手,梅花扳手11*13,40,个,2.91,0,10,1,44
梅花扳手,梅花扳手12*14,15,个,2.91,0,10,1,44
梅花扳手,梅花扳手13*15,40,个,3.59,0,10,1,44
梅花扳手,梅花扳手13*16,50,个,3.59,0,10,1,44
梅花扳手,梅花扳手14*17,29,个,3.59,0,10,1,44
梅花扳手,梅花扳手16*18,50,个,4.66,0,10,1,44
梅花扳手,梅花扳手17*19,19,个,4.66,0,10,1,44
梅花扳手,梅花扳手18*21,47,个,6.12,0,10,1,44
梅花扳手,梅花扳手19*22,39,个,6.12,0,10,1,44
梅花扳手,梅花扳手22*24,42,个,6.6,0,10,1,44
梅花扳手,梅花扳手24*27,43,个,9.22,0,10,1,44
梅花扳手,梅花扳手27*30,48,个,12.62,0,10,1,44
梅花扳手,梅花扳手30*32,46,个,13.59,0,10,1,44
梅花扳手,梅花扳手32*34,49,个,16.5,0,10,1,44
梅花扳手,梅花扳手32*36,45,个,20.39,0,10,1,44
梅花扳手,梅花扳手34*36,21,个,20.39,0,5,1,44
梅花扳手,梅花扳手36*41,18,个,26.21,0,5,1,44
梅花扳手,梅花扳手41*46,6,个,33.01,0,2,1,44
梅花扳手,梅花扳手46*50,8,个,45.63,0,2,1,44
梅花扳手,梅花扳手50*55,7,个,58.25,0,2,1,44
梅花扳手,梅花扳手55*60,7,个,69.9,0,2,1,44
防爆头盔,,36,顶,24,0,10,1,44
防雨电源12V24V36V-400W,,3,个,38.02,0,12,1,43
C45单相电子表箱B型,电子表+4位 C45（25*22*6.5）,7,个,18.7,0,10,1,43
百思陆-16寸切割机,16寸切割机-3000W,5,台,578,0,1,1,43
开口梅花两用扳手,开口梅花两用扳手 6mm,20,个,1.75,0,8,1,43
开口梅花两用扳手,开口梅花两用扳手 7mm,20,个,1.8,0,8,1,43
开口梅花两用扳手,开口梅花两用扳手 8mm,40,个,1.95,0,8,1,43
开口梅花两用扳手,开口梅花两用扳手 9mm,30,个,1.99,0,10,1,43
开口梅花两用扳手,开口梅花两用扳手 10mm,19,个,2.26,0,10,1,43
开口梅花两用扳手,开口梅花两用扳手 11mm,40,个,2.45,0,10,1,43
开口梅花两用扳手,开口梅花两用扳手 12mm,39,个,2.62,0,10,1,43
开口梅花两用扳手,开口梅花两用扳手 13mm,30,个,2.72,0,10,1,43
开口梅花两用扳手,开口梅花两用扳手 15mm,27,个,3.44,0,10,1,43
开口梅花两用扳手,开口梅花两用扳手 16mm,30,个,3.78,0,10,1,43
开口梅花两用扳手,开口梅花两用扳手 17mm,27,个,3.98,0,10,1,43
开口梅花两用扳手,开口梅花两用扳手 18mm,41,个,4.61,0,10,1,43
开口梅花两用扳手,开口梅花两用扳手 19mm,63,个,4.71,0,10,1,43
开口梅花两用扳手,开口梅花两用扳手 20mm,46,个,5.34,0,10,1,43
开口梅花两用扳手,开口梅花两用扳手 21mm,31,个,5.62,0,10,1,43
开口梅花两用扳手,开口梅花两用扳手 22mm,53,个,6.21,0,10,1,43
开口梅花两用扳手,开口梅花两用扳手 23mm,48,个,6.21,0,10,1,43
开口梅花两用扳手,开口梅花两用扳手 24mm,57,个,7.57,0,10,1,43
开口梅花两用扳手,开口梅花两用扳手 27mm,42,个,8.58,0,10,1,43
开口梅花两用扳手,开口梅花两用扳手 30mm,39,个,11.43,0,10,1,43
开口梅花两用扳手,开口梅花两用扳手 32mm,44,个,12.89,0,10,1,43
开口梅花两用扳手,开口梅花两用扳手 34mm,22,个,16.02,0,6,1,43
开口梅花两用扳手,开口梅花两用扳手 36mm,24,个,20.39,0,6,1,43
开口梅花两用扳手,开口梅花两用扳手 38mm,28,个,23.3,0,6,1,43
开口梅花两用扳手,开口梅花两用扳手 41mm,4,个,26.21,0,2,1,43
开口梅花两用扳手,开口梅花两用扳手 42mm,8,个,35.92,0,2,1,43
开口梅花两用扳手,开口梅花两用扳手 45mm,8,个,44.66,0,2,1,43
开口梅花两用扳手,开口梅花两用扳手 46mm,3,个,29.13,0,2,1,43
开口梅花两用扳手,开口梅花两用扳手 48mm,7,个,39.81,0,2,1,43
开口梅花两用扳手,开口梅花两用扳手 55mm,6,个,64.08,0,2,1,43
开口梅花两用扳手,开口梅花两用扳手 60mm,4,个,85.44,0,1,1,43
开口梅花两用扳手,开口梅花两用扳手 65mm,3,个,100.97,0,1,1,43
防割手套,,23,双,9,0,5,1,43
亚明平板灯,48W60*60CM,30,个,15.7,0,0,1,42
亚明平板灯,80W60*60CM,89,个,24.9,0,0,1,42
开口快速扳手,开口快速扳手 8mm,20,个,5.35,0,4,1,42
开口快速扳手,开口快速扳手 9mm,10,个,5.44,0,4,1,42
开口快速扳手,开口快速扳手 10mm,10,个,5.64,0,4,1,42
开口快速扳手,开口快速扳手 11mm,10,个,5.92,0,4,1,42
开口快速扳手,开口快速扳手 12mm,20,个,6.57,0,4,1,42
开口快速扳手,开口快速扳手 13mm,10,个,7.28,0,4,1,42
开口快速扳手,开口快速扳手 14mm,13,个,7.85,0,4,1,42
开口快速扳手,开口快速扳手 15mm,10,个,8.25,0,4,1,42
开口快速扳手,开口快速扳手 16mm,10,个,8.74,0,4,1,42
开口快速扳手,开口快速扳手 17mm,15,个,9.24,0,4,1,42
开口快速扳手,开口快速扳手 18mm,22,个,9.9,0,4,1,42
开口快速扳手,开口快速扳手 19mm,10,个,10.68,0,4,1,42
开口快速扳手,开口快速扳手 20mm,17,个,12.52,0,4,1,42
开口快速扳手,开口快速扳手 21mm,17,个,13.59,0,4,1,42
开口快速扳手,开口快速扳手 22mm,10,个,14.47,0,4,1,42
开口快速扳手,开口快速扳手 23mm,17,个,15.73,0,4,1,42
开口快速扳手,开口快速扳手 24mm,13,个,15.73,0,4,1,42
开口快速扳手,开口快速扳手 27mm,17,个,22.82,0,4,1,42
开口快速扳手,开口快速扳手 30mm,17,个,24.66,0,4,1,42
开口快速扳手,开口快速扳手 32mm,17,个,27.38,0,4,1,42
防爆盾牌,,4,支,52,0,10,1,42
C45-100A电箱,C45-100A-3*8位（62*52*15）,10,个,139,0,2,1,41
C45-100A电箱,C45-100A-3*10位（62*55*15）,10,个,132.8,0,2,1,41
C45-100A电箱,C45-100A-3*12位（62*59*15）,10,个,142,0,2,1,41
C45-100A电箱,C45-100A-3*14位（62*62*15）,10,个,163.6,0,2,1,41
C45-100A电箱,C45-100A-3*16位（62*66*15）,10,个,182.5,0,2,1,41
C45-100A电箱,C45-100A-3*18位（62*70*15）,10,个,196.2,0,2,1,41
C45-100A电箱,C45-100A-3*20位（62*73*15）,10,个,214.2,0,2,1,41
C45-100A电箱,C45-100A-3*22位（62*77*15）,5,个,233.1,0,1,1,41
C45-100A电箱,C45-100A-3*24位（62*80*17）,2,个,255.3,0,1,1,41
东成6寸角磨机,6寸角磨机S1M-FF04-150S-2000W,4,台,226,0,3,1,41
赛克活动扳手,6寸活动,14,个,4.85,0,10,1,41
赛克活动扳手,8寸活动,86,个,6.99,0,24,1,41
赛克活动扳手,10寸活动,22,个,8.94,0,13,1,41
赛克活动扳手,15寸活动,46,个,26.7,0,10,1,41
赛克活动扳手,18寸活动,22,个,39.81,0,5,1,41
赛克活动扳手,24寸活动,12,个,77.67,0,3,1,41
网兜,,3,个,34,0,5,1,41
东成7寸角磨机,7寸角磨机S1M-FF-180SH-2600W,4,台,368,0,2,1,40
内六角扳手,内六角扳手 1.5,100,个,0.22,0,20,1,40
内六角扳手,内六角扳手 2,45,个,0.26,0,20,1,40
内六角扳手,内六角扳手 2.5,50,个,0.33,0,20,1,40
内六角扳手,内六角扳手 3,25,个,0.51,0,20,1,40
内六角扳手,内六角扳手 4,42,个,0.58,0,20,1,40
内六角扳手,内六角扳手 5,137,个,0.62,0,20,1,40
内六角扳手,内六角扳手 6,49,个,0.97,0,20,1,40
内六角扳手,内六角扳手 7,40,个,1.75,0,20,1,40
内六角扳手,内六角扳手 8,22,个,1.75,0,20,1,40
内六角扳手,内六角扳手 10,46,个,2.43,0,20,1,40
内六角扳手,内六角扳手 12,25,个,4.37,0,20,1,40
内六角扳手,内六角扳手 14,32,个,5.83,0,20,1,40
内六角扳手,内六角扳手 16,36,个,11.65,0,20,1,40
内六角扳手,内六角扳手 17,39,个,11.65,0,8,1,40
内六角扳手,内六角扳手 18,28,个,15.53,0,6,1,40
内六角扳手,内六角扳手 19,31,个,15.53,0,6,1,40
内六角扳手,内六角扳手 20,23,个,21.36,0,5,1,40
内六角扳手,内六角扳手 21,22,个,23.3,0,5,1,40
内六角扳手,内六角扳手 22,12,个,23.3,0,4,1,40
内六角扳手,内六角扳手 24,10,个,34.95,0,3,1,40
内六角扳手,内六角扳手 27,5,个,43.69,0,2,1,40
内六角扳手,内六角扳手 30,4,个,67.96,0,2,1,40
内六角扳手,内六角扳手 32,3,个,92.23,0,2,1,40
内六角扳手,内六角扳手 34,2,个,138.83,0,1,1,40
内六角扳手,内六角扳手 36,2,个,214,0,1,1,40
T字棍,,11,支,10,0,20,1,40
户外控制箱,25*30*20,1,个,47,0,4,1,39
户外控制箱,30*40*20,18,个,58.5,0,4,1,39
户外控制箱,40*50*20,20,个,81,0,4,1,39
户外控制箱,50*60*20,8,个,109.4,0,2,1,39
户外控制箱,60*80*20,3,个,183,0,1,1,39
东成冲击钻,Z1C-FF05-26-800W圆柄,1,台,295.08,0,4,1,39
赛克双色柄快速扳手（卡装）,赛克双色柄快速扳手（卡装）,4,个,10.68,0,10,1,39
约束带,,1,条,0,0,0,1,39
户内控制箱,20*30*15,16,个,32,0,4,1,38
户内控制箱,25*30*15,16,个,33,0,4,1,38
户内控制箱,25*30*20,19,个,37,0,4,1,38
户内控制箱,30*40*15,10,个,45,0,4,1,38
户内控制箱,30*40*20,17,个,48,0,4,1,38
户内控制箱,40*50*15,16,个,63,0,4,1,38
户内控制箱,40*50*20,19,个,66,0,4,1,38
户内控制箱,40*60*20,19,个,79,0,4,1,38
户内控制箱,50*60*20,18,个,94,0,4,1,38
户内控制箱,60*80*20,9,个,167,0,2,1,38
东成手电锤,Z1C-FF03-28-1100W方柄,1,台,329.22,0,2,1,38
LED球泡-超炫三代,G45-3W-E27/B22/E14,82,个,2.55,0,20,1,38
LED球泡-超炫三代,A60-5W-E27/B22,10,个,2.98,0,20,1,38
LED球泡-超炫三代,A60-7W-E27/B22,17,个,3.4,0,20,1,38
LED球泡-超炫三代,A60-13W-E27/B22,13,个,6.38,0,0,0,38
扭力扳手,扭力扳手 300n,4,支,22.33,0,2,1,38
扭力扳手,扭力扳手 500n,3,支,33.98,0,2,1,38
防刺服,,18,套,48,0,5,1,38
艺宝旋F型铁底塑面光纤入户信息箱,200x300x125空箱,9,个,16.5,0,2,1,37
艺宝旋F型铁底塑面光纤入户信息箱,325x375x125空箱,5,个,28,0,1,1,37
艺宝旋F型铁底塑面光纤入户信息箱,300x400x125空箱,4,个,30,0,1,1,37
艺宝旋F型铁底塑面光纤入户信息箱,300x400x150空箱,5,个,32,0,1,1,37
艺宝旋F型铁底塑面光纤入户信息箱,200x300x125（带排插猫架）,10,个,18.5,0,2,1,37
艺宝旋F型铁底塑面光纤入户信息箱,325x375x125（带排插猫架）,5,个,30,0,1,1,37
艺宝旋F型铁底塑面光纤入户信息箱,300x400x125（带排插猫架）,5,个,32,0,1,1,37
艺宝旋F型铁底塑面光纤入户信息箱,300x400x150（带排插猫架）,5,个,34,0,1,1,37
东成手电镐,Z1G-FF06-6S-1400W(带减震),1,台,381,0,2,0,37
LED柱形泡-亮霸二代,T110-30W-E27/B22,20,个,12.75,0,0,0,37
LED柱形泡-亮霸二代,T120-38W-E27/B22,7,个,15.3,0,0,0,37
T型扳手,T型扳手  6mm,21,支,2.62,0,10,1,37
T型扳手,T型扳手  7mm,25,支,2.62,0,10,1,37
T型扳手,T型扳手  8mm,15,支,2.62,0,10,1,37
T型扳手,T型扳手  9mm,25,支,2.62,0,10,1,37
T型扳手,T型扳手  10mm,27,支,2.49,0,10,1,37
T型扳手,T型扳手  11mm,25,支,2.62,0,10,1,37
T型扳手,T型扳手  12mm,21,支,2.62,0,10,1,37
T型扳手,T型扳手  13mm,24,支,2.62,0,10,1,37
T型扳手,T型扳手  14mm,5,支,2.62,0,10,1,37
T型扳手,T型扳手  15mm,25,支,3.2,0,10,1,37
T型扳手,T型扳手  16mm,23,支,3.2,0,10,1,37
T型扳手,T型扳手  17mm,10,支,3.2,0,10,1,37
T型扳手,T型扳手  18mm,25,支,3.2,0,10,1,37
T型扳手,T型扳手  19mm,21,支,3.2,0,0,1,37
消防应急包,,49,个,0,0,20,1,37
艺宝旋F型全塑光纤入户信息箱,200x300x125全塑空箱,9,个,14.5,0,2,1,36
艺宝旋F型全塑光纤入户信息箱,325x375x125全塑空箱,5,个,23,0,1,1,36
艺宝旋F型全塑光纤入户信息箱,300x400x125全塑空箱,4,个,25,0,1,1,36
艺宝旋F型全塑光纤入户信息箱,300x400x150全塑空箱,5,个,28,0,1,1,36
LED光源模组(单色款)-超炫系列,13W-挂卡/彩盒,50,个,8.5,0,10,1,36
LED光源模组(单色款)-超炫系列,18W-挂卡/彩盒,60,个,10.2,0,12,1,36
LED光源模组(单色款)-超炫系列,24W-挂卡/彩盒,55,个,12.75,0,12,1,36
LED光源模组(单色款)-超炫系列,32W-挂卡/彩盒,60,个,17.85,0,12,1,36
十字扳手,十字扳手 17*19*21*23,10,支,21.36,0,4,1,36
十字扳手,十字扳手 17*19*22*24,10,支,21.36,0,4,1,36
小手电筒,,974,支,3.21,0,100,1,36
艺宝旋铁底塑面暗装豪华配电箱,2-4位暗装铁底塑面（160*138*100mm）,15,个,0,0,4,1,35
艺宝旋铁底塑面暗装豪华配电箱,4-6位暗装铁底塑面（210*210*100mm）,8,个,12.5,0,5,1,35
艺宝旋铁底塑面暗装豪华配电箱,7-9位暗装铁底塑面（210*263*100mm）,5,个,14,0,5,1,35
艺宝旋铁底塑面暗装豪华配电箱,10-13位暗装铁底塑面（210*355*100mm）,17,个,17,0,4,1,35
艺宝旋铁底塑面暗装豪华配电箱,14-16位暗装铁底塑面（210*389*100mm）,18,个,20,0,4,1,35
艺宝旋铁底塑面暗装豪华配电箱,17-19位暗装铁底塑面（210*443*100mm）,15,个,23,0,4,1,35
艺宝旋铁底塑面暗装豪华配电箱,18-22位暗装铁底塑面（210*497*100mm）,14,个,26,0,4,1,35
艺宝旋铁底塑面暗装豪华配电箱,20-26位暗装铁底塑面（420*335*100mm）,4,个,43,0,1,1,35
艺宝旋铁底塑面暗装豪华配电箱,28-32位暗装铁底塑面（420*389*100mm）,4,个,48,0,1,1,35
艺宝旋铁底塑面暗装豪华配电箱,34-38位暗装铁底塑面（420*443*100mm）,5,个,52,0,1,1,35
艺宝旋铁底塑面暗装豪华配电箱,36-44位暗装铁底塑面（420*497*100mm）,4,个,55,0,1,1,35
艺宝旋铁底塑面暗装豪华配电箱,51-57位暗装铁底塑面（630*443*100mm）,4,个,90,0,1,1,35
东成石材切割机,Z1E-FF-110-1200W(4寸),1,台,148.14,0,2,1,35
东成石材切割机,Z1E-FF-180S-1900W(7寸),6,台,381.27,0,2,1,35
三叉扳手,三叉扳手 8-9-10mm,26,支,3.4,0,16,1,35
三叉扳手,三叉扳手 8-10-12mm,17,支,3.4,0,16,1,35
三叉扳手,三叉扳手 10-12-14mm,11,支,3.69,0,16,1,35
三叉扳手,三叉扳手 11-13-15mm,30,支,3.88,0,16,1,35
三叉扳手,三叉扳手 12-14-17mm,31,支,4.13,0,16,1,35
三叉扳手,三叉扳手 13-16-18mm,29,支,4.66,0,16,1,35
三叉扳手,三叉扳手 14-17-19mm,19,支,4.66,0,0,1,35
强光手电,,167,支,12.11,0,50,1,35
灿泽简易型全塑配电箱,KGX07-1位（透蓝）(明/暗装通用128*45*88mm),165,个,1.6,0,35,1,34
灿泽简易型全塑配电箱,KGX07-2位（透蓝）(明/暗装通用128*72*88mm),13,个,1.9,0,20,1,34
灿泽简易型全塑配电箱,KGX07-3位（透蓝）(明/暗装通用136*72*88mm),69,个,2.2,0,20,1,34
灿泽简易型全塑配电箱,KZT07-23款-2-4位（茶色）（明/暗装通用136*90*80mm）,228,个,2.9,0,20,1,34
灿泽简易型全塑配电箱,KGX07-6-8位（透蓝）(明/暗装通用153*170*88mm),64,个,4.5,0,9,1,34
灿泽简易型全塑配电箱,KGX07-8-12位（透蓝）(明/暗装通用160*242*88mm),2,个,6.5,0,6,1,34
灿泽简易型全塑配电箱,KGX07-14-16位（透蓝）(明/暗装通用160*350*88mm),7,个,9.8,0,4,1,34
东成开槽机,Z1R-FF-135-1500W,1,台,244,0,2,1,34
角磨扳手,角磨扳手（加厚）4.0,209,支,1.2,0,5,1,34
头灯1022,,117,个,6.01,0,50,1,34
等电位联结端子箱,TD28等电位联结端子箱（铁排）160*75*40,100,个,2.4,0,20,1,33
等电位联结端子箱,TD28等电位联结端子箱（铜排）160*75*40,38,个,2.9,0,20,1,33
等电位联结端子箱,高档型TD-28-4全铁明装160x75x50（铜桥）,88,个,7.2,0,10,1,33
等电位联结端子箱,高档型TD-28-5全铁明装190x100x70（铜桥）,60,个,13,0,6,1,33
等电位联结端子箱,TD28-6大等电位箱（明装）200x300x100,14,个,40,0,3,1,33
等电位联结端子箱,TD28等电位联结端子箱（明装）330x230x120,10,个,28,0,3,1,33
等电位联结端子箱,TD28等电位联结端子箱（暗装）330x230x120,14,个,26,0,3,1,33
东成手持水钻机,Z1Z-FF05-110-2000W,4,台,256.52,0,1,1,33
L型 扳手,L型  扳手 6mm,30,支,2.14,0,12,1,33
L型 扳手,L型 扳手 8mm,55,支,2.04,0,12,1,33
L型 扳手,L型 扳手 9mm,24,支,2.72,0,9,1,33
L型 扳手,L型 扳手 10mm,48,支,2.63,0,9,1,33
L型 扳手,L型 扳手 11mm,20,支,3.2,0,8,1,33
L型 扳手,L型 扳手 12mm,18,支,3.2,0,8,1,33
L型 扳手,L型 扳手 13mm,16,支,3.79,0,9,1,33
L型 扳手,L型 扳手 14mm,26,支,3.97,0,9,1,33
L型 扳手,L型 扳手 15mm,16,支,4.85,0,9,1,33
L型 扳手,L型 扳手 16mm,16,支,5.34,0,9,1,33
L型 扳手,L型 扳手 17mm,14,支,6.02,0,9,1,33
L型 扳手,L型 扳手 18mm,28,支,7.38,0,4,1,33
L型 扳手,L型 扳手 19mm,11,支,7.38,0,4,1,33
喊话器,,111,个,22,0,50,1,33
艺宝旋C45全铁电箱,2-4位(不带盖18*12*6.5),40,个,5,0,8,1,32
艺宝旋C45全铁电箱,带盖C45^2-4（18*12*6.5）,60,个,6.5,0,12,1,32
艺宝旋C45全铁电箱,4-6位半（带盖20*18.5*6.5）,59,个,8.8,0,12,1,32
艺宝旋C45全铁电箱,7-9位半（带盖26.5*18*6.5）,52,个,12.8,0,12,1,32
艺宝旋C45全铁电箱,10-12位半（带盖31.5*18.5*6.5）,60,个,15.7,0,12,1,32
艺宝旋C45全铁电箱,C45-014-016½（带盖40.5*18.5*6.5）,36,个,21.9,0,7,1,32
东成立式水钻机,Z1Z-FF04-200S-3200W,3,台,738.2,0,1,1,32
清江湖活动扳手,6寸活动,136,把,3.86,0,0,1,32
清江湖活动扳手,8寸活动,2,把,4.53,0,0,1,32
清江湖活动扳手,12寸活动,50,把,8.19,0,0,1,32
清江湖活动扳手,15寸活动,84,把,18,0,0,1,32
清江湖活动扳手,18寸活动,42,把,28.3,0,0,1,32
清江湖活动扳手,24寸活动,24,把,68,0,0,1,32
作训弹（烟雾弹）,（黑）,7,个,35,0,20,1,32
三相透明表箱,DBX45三相电子式电表箱（35*21*10）,7,个,20,0,5,1,31
三相透明表箱,DBX42三相一表位（机械带漏电55*26*16）,3,个,55,0,2,1,31
三相透明表箱,DBX13三相带漏电电表箱（62*30*16）,5,个,80,0,2,1,31
东成手电钻,J1Z-FF-10A-300W-胶头,10,台,91,0,8,1,31
东成手电钻,J1Z-FF09-10K-710W-胶头,22,台,119,0,8,1,31
东成手电钻,J1Z-FF05-10A-500W-铁头,12,台,125.3,0,5,1,31
辣椒水,,11,瓶,9,0,0,1,31
LED软灯带(高压)-超炫系列/超炫二代,2835*120 220V 11MM超炫二代100M*1（中性光）,2,卷,425,0,1,1,31
LED软灯带(高压)-超炫系列/超炫二代,2835*120 220V 11MM超炫二代100M*1（黄光）,2,卷,425,0,1,1,31
两脚拉马 （轴承）,3寸两脚拉马 （轴承）,4,个,11.8,0,1,1,31
两脚拉马 （轴承）,4寸两脚拉马 （轴承）,1,个,13.59,0,1,1,31
两脚拉马 （轴承）,6寸两脚拉马 （轴承）,2,个,17.48,0,1,1,31
两脚拉马 （轴承）,8寸两脚拉马 （轴承）,5,个,20.39,0,1,1,31
两脚拉马 （轴承）,10寸两脚拉马 （轴承）,4,个,36.89,0,1,1,31
探照灯,,24,个,18,0,0,1,30
单相透明机械式表箱,DBX43单相二表位（带漏电38*36*15）,5,个,55,0,2,1,30
单相透明机械式表箱,DBX22机械式4位电表箱（带漏电68*38*15）,5,个,100,0,2,1,30
单相透明机械式表箱,DBX23机械式6位电表箱（带漏电68*55*16）,4,个,145,0,1,1,30
单相透明机械式表箱,DBX25机械式8位电表箱（带漏电68*72*15）,3,个,200,0,1,1,30
东成飞机钻（搅拌钻）,J1Z-FF-16A-800W,4,台,192,0,4,1,30
三脚拉马（锻压）,4寸三脚拉马（锻压）,9,个,13.11,0,2,1,30
三脚拉马（锻压）,6寸三脚拉马（锻压）,9,个,17.48,0,2,1,30
三脚拉马（锻压）,8寸三脚拉马（锻压）,10,个,28.16,0,2,1,30
三脚拉马（锻压）,10三脚拉马（锻压）,4,个,38.83,0,1,1,30
三脚拉马（锻压）,12三脚拉马（锻压）,6,个,48.54,0,1,1,30
三脚拉马（锻压）,14三脚拉马（锻压）,4,个,75.73,0,1,1,30
三脚拉马（锻压）,16三脚拉马（锻压）,4,个,97.09,0,1,1,30
三脚拉马（锻压）,20三脚拉马（锻压）,3,个,126.21,0,1,1,30
三脚拉马（锻压）,24三脚拉马（锻压）,4,个,174.76,0,1,1,30
单相透明塑料电子式表箱,DBX51豪华电子式电表箱（32*16*9.5）,150,个,9.5,0,24,1,29
单相透明塑料电子式表箱,DK201A（DBX34）A型单相二表位（带漏电38*34*11）,10,个,48,0,2,1,29
单相透明塑料电子式表箱,DK301A（DBX47）A型单相三表位（带漏电43*40.5*11）,6,个,65,0,2,1,29
单相透明塑料电子式表箱,DK401C（DBX36）C型单相四表位（带漏电68*38*11）,5,个,85,0,2,1,29
单相透明塑料电子式表箱,DK601C（DBX37）C型单相六表位（带漏电68*55*11）,4,个,128,0,2,1,29
单相透明塑料电子式表箱,DK801C（DBX38）C型单相八表位（带漏电68*72*11）,3,个,168,0,1,1,29
东成往复锯,J1F-FF-30-590W,1,台,413,0,1,1,29
钢丝绳紧线器,2T 钢丝绳紧线器,15,个,25.24,0,4,1,29
钢丝绳紧线器,4T 钢丝绳紧线器,16,个,45.63,0,3,1,29
挡水板,70*68*53,239,个,32.67,0,100,1,29
脚架,400宽-H500*W400*D180,1,台,44,0,2,1,28
脚架,500宽-H500*W500*D180,7,台,46,0,3,1,28
脚架,600宽-H500*W600*D180,15,台,48,0,4,1,28
脚架,700宽-H500*W700*D180,10,台,50,0,2,1,28
脚架,800宽-H500*W800*D180,18,台,52,0,2,1,28
东成14寸切割机,J1G-FF09-355-2600W,9,台,411.38,0,0,1,28
断丝取出器,断丝取出器 6件套,17,套,6.46,0,2,1,28
救生圈,,174,个,19,0,40,1,28
内门6路220v防水插座箱H700*W600*D200(带内门),内门6路220v防水插座箱H700*W600*D200(带内门),2,台,465,0,1,1,27
东成电圆锯,M1Y-FF07-185-1500W,2,套,218,0,2,1,27
东成电圆锯,M1Y-FF02-235-2000W(9寸）,3,套,392,0,2,1,27
断丝取出器7#（单支装）4号,断丝取出器7#（单支装）4号,39,个,4.08,0,10,1,27
救生衣,,90,个,8.5,0,24,1,27
内门2+4防水插座箱H700*W600*D200(带内门),,2,台,495,0,0,1,26
东成气动钉枪,FF05-F30(直钉),3,台,58,0,2,1,26
东成气动钉枪,FF02-T50DC(直钉),6,台,114,0,2,1,26
东成气动钉枪,FF02-422J(码钉枪),6,台,52.3,0,2,1,26
东成气动钉枪,EF02-1013J(码钉枪),4,台,51.25,0,2,1,26
东成气动钉枪,FF02-ST64C(钢钉),4,台,144.4,0,2,1,26
东成气动钉枪,FF02-ST38(钢钉),4,台,135.9,0,2,1,26
LED吸顶灯-超炫系列,230-13W-全白,15,个,17,0,4,1,26
LED吸顶灯-超炫系列,300-17w--全白,2,个,21.25,0,4,1,26
电缆剥线钳,8寸电缆剥线钳,17,支,8.3,0,11,1,26
沙袋300*700,300*700（拉绳）,2116,个,1.07,0,2000,1,26
沙袋300*700,300*700（拉链）,9763,个,1.36,0,1200,1,26
内门3+3防水插座箱H700*W600*D200(带内门),,2,台,510,0,0,1,25
LED面板灯-炫丽Ⅱ系列,直发光-16W-300*300-V型,20,个,23.8,0,4,1,25
LED面板灯-炫丽Ⅱ系列,直发光-24W-300*600-V型,1,个,38.25,0,2,1,25
断线钳8寸,8寸断线钳,287,支,6.99,0,5,1,25
有机硅沙袋,,1759,个,2.44,0,400,1,25
内门2+6防水插座箱H700*W800*D200(带内门),,2,台,655,0,0,1,24
LED面板灯-超炫Ⅱ系列,直发光-42W-600*600-V型/T型,1,个,34.12,0,8,1,24
迈恩一开单双控,（一开双控）,171,只,1.28,0,55,1,24
10寸圆口光柄大力钳,,37,支,8.18,0,2,1,24
遇水膨胀沙袋,,603,个,3.1,0,200,1,24
内门4+4防水插座箱H700*W800*D200(带内门),,2,台,690,0,0,1,23
东成充电式手电钻,无刷DCJZ24-10-16V-250W,3,台,292.33,0,3,1,23
东成充电式手电钻,双速DCJZ1601-16V-170W,6,台,198.92,0,4,1,23
迈恩二开单双控,（二开双控）,232,只,2.38,0,60,1,23
11寸 C型大力钳,,11,支,11.65,0,4,1,23
浮绳,20米,14,条,12,0,0,1,23
1+3防水插座箱H500*W500*D200,1+3防水插座箱H500*W500*D200,2,台,290,0,1,1,22
东成充电式无刷电锤,DCZC22B-20v-420w,3,台,533,0,2,1,22
东成充电式无刷电锤,DCZC04-24-20v-500w,1,台,575.75,0,1,1,22
东成充电式无刷电锤,DCZC02-28H2K-20y-1000w-6.0双电,4,台,714,0,2,1,22
东成充电式无刷电锤,DCZC04-24H2M型20V,4,台,648,0,0,1,22
迈恩三开单双控,（三开单控）,122,只,2.75,0,80,1,22
迈恩三开单双控,（三开双控）,167,只,3.15,0,60,1,22
台虎钳（铸铁）,4寸,4,台,71.84,0,1,1,22
台虎钳（铸铁）,5寸,2,台,97.09,0,1,1,22
台虎钳（铸铁）,6寸,3,台,169.9,0,1,1,22
台虎钳（铸铁）,8寸,3,台,194.17,0,1,1,22
台虎钳（铸铁）,10寸,3,台,310.68,0,1,1,22
台虎钳（铸铁）,12寸,2,台,485.44,0,1,1,22
绝缘手套12KV,12kv,77,件,19,0,50,1,22
迈恩四开单双控,（四开单控）,406,只,3.26,0,100,1,21
迈恩四开单双控,（四开双控）,56,只,3.96,0,20,1,21
管子压力钳,2# 管子压力钳（开口15-95mm),6,台,53.4,0,1.2,1,21
管子压力钳,3# 管子压力钳（开口10-110mm),1,台,77.67,0,1,1,21
管子压力钳,4# 管子压力钳（开口20-150mm),2,台,113.59,0,1,1,21
绝缘靴,42码,62,双,44.49,0,0,1,21
绝缘靴,43码,65,双,44.5,0,20,1,21
胜世A5发泡胶,900克,630,支,6.51,0,0,1,20
东成充电式无刷电圆锯,140H-6.0单电,3,台,337,0,2,1,20
LED T8灯管-超炫系列,1.2m-24W-双端,25,支,6.37,0,5,1,20
LED T8灯管-超炫系列,1.2m-30W-双端,224,支,7.22,0,20,1,20
LED T8灯管-超炫系列,1.2m-40W-双端,171,支,8.5,0,20,1,20
LED T8灯管-超炫系列,0.9m-12w双端,18,支,5.1,0,5,1,20
LED T8灯管-超炫系列,0.6m-8w-双端,22,支,4.25,0,10,1,20
迈恩一开三孔16A单控,,95,只,2.96,0,60,1,20
木工G型夹,2寸,6,个,2.91,0,2,1,20
木工G型夹,3寸,4,个,5.15,0,2,1,20
木工G型夹,4寸,7,个,6.31,0,3,1,20
木工G型夹,5寸,6,个,7.77,0,2,1,20
木工G型夹,6寸,6,个,9.22,0,2,1,20
木工G型夹,8寸,5,个,12.62,0,1,1,20
绝缘鞋6KV,39码,43,双,49.59,0,20,1,20
绝缘鞋6KV,41码,1,双,49.04,0,20,0,20
绝缘鞋6KV,43码,11,双,49.54,0,20,1,20
绝缘鞋6KV,44码,29,双,49.65,0,20,1,20
4路380v防水插座箱H600*W600*D200,,2,台,395,0,0,1,19
20V4.0电池组件（2040）,20V4.0电池（东成03-100E磨机/22B/298/04-24E）,6,个,120,0,4,1,19
LED筒灯（全白面）,2.5寸-5W全白面（白光）,55,个,5.52,0,20,1,19
LED筒灯（全白面）,3寸-6W全白面（白光）,32,个,6.8,0,12,1,19
LED筒灯（全白面）,3.5寸-7W 全白面（白光）,39,个,7.65,0,12,1,19
LED筒灯（全白面）,4寸-12W-全白面（白光）,14,个,10.62,0,12,1,19
LED筒灯（全白面）,5寸-16W-全白面（白光）,25,个,13.6,0,6,1,19
LED筒灯（全白面）,6寸-20W-全白面(白光),30,个,20.4,0,6,1,19
迈恩一开五孔单控插座,,122,只,2.86,0,120,1,19
8尖偏心省力尖嘴钳,8尖偏心省力尖嘴钳,48,支,10.19,0,11,1,19
劳保鞋,41码,74,双,34,0,30,1,19
劳保鞋,40码,87,双,34,0,30,1,19
劳保鞋,42码,95,双,34,0,30,1,19
劳保鞋,39码,49,双,34,0,20,1,19
劳保鞋,43码,42,双,34,0,20,1,19
劳保鞋,44码,35,双,34,0,20,1,19
6路220v防水插座箱H600*W600*D200*1.0mm,,1,台,308,0,0,1,18
绝缘鞋6KV（新款）,39码,14,双,37.2,0,0,1,18
绝缘鞋6KV（新款）,40码,87,双,37.2,0,0,1,18
绝缘鞋6KV（新款）,41码,83,双,37.2,0,0,1,18
绝缘鞋6KV（新款）,42码,86,双,37.2,0,0,1,18
绝缘鞋6KV（新款）,43码,28,双,37.2,0,0,1,18
绝缘鞋6KV（新款）,44码,24,双,37.2,0,0,1,18
胜世995-结构胶（内墙）,白色,13,支,4,0,160,0,18
20V充电器组件（20-01）,20V充电器（东成03-100E磨机/22B/298/04-24E）,7,个,57,0,3,1,18
LED T5一体化精工二代-公母插（铂金）,0.3m-4W-玻璃/冷轧板,50,套,6.8,0,10,1,18
LED T5一体化精工二代-公母插（铂金）,0.9m-10w-玻璃/冷轧板,29,套,9.35,0,10,1,18
LED T5一体化精工二代-公母插（铂金）,1.0m-14W-玻璃/冷乳板,49,套,10.2,0,10,1,18
迈恩一开八孔（多功能）,,1682,只,2.47,0,200,1,18
8钢偏心省力钢丝钳,8钢偏心省力钢丝钳,74,支,10.69,0,14,1,18
2+4防水插座箱H600*W600*D200,,1,台,385,0,0,1,17
时利172-结构胶（外墙）,白色,66,支,5.71,0,40,0,17
T5公母插双接线-20CM,,70,条,0.48,0,20,1,17
钢丝钳,6寸钢丝钳,191,支,5.83,0,11,1,17
钢丝钳,8寸钢丝钳,451,支,5.44,0,50,1,17
迈恩一开多控,,70,只,1.5,0,20,1,17
南威NW-DB5122-12V有刷双速手电钻（两电一充）,DB5122-12V,4,个,63,0,10,1,17
3+3防水插座箱H600*W600*D200,,6,台,398,0,0,1,16
博士-中性玻璃胶,银灰(300ML)（24支/箱）,82,支,3.79,0,0,0,16
尖嘴钳,6寸尖嘴钳,510,支,5.24,0,22,1,16
尖嘴钳,8寸尖嘴钳,586,支,5.73,0,17,1,16
南威NW-D5163-16.8V无刷双速手电钻（两电一充）,D5163-16.8V,31,个,94.4,0,10,1,16
连体雨衣,4XL,63,件,8.1,0,200,1,16
2+6防水插座箱H600*W800*D200,,1,台,475,0,0,1,15
LED大功率鳍片泡-星耀系列,A150-80W-E27,3,个,55.25,0,2,1,15
斜口钳,6寸斜口钳,330,支,5.49,0,20,1,15
南威无刷电动扳手（两电一充）,NW-W5350-88V,12,个,196.4,0,6,1,15
南威无刷电动扳手（两电一充）,NW-W5350-48V,29,个,168.1,0,8,1,15
雨鞋,39码,89,双,10.92,0,50,1,15
雨鞋,40码,125,双,10.88,0,50,1,15
雨鞋,41码,72,双,10.85,0,100,1,15
雨鞋,42码,75,双,10.9,0,100,1,15
雨鞋,43码,100,双,10.9,0,50,1,15
雨鞋,44码,86,双,10.89,0,50,1,15
4+4防水插座箱H600*W800*D200,,3,台,515,0,0,1,14
电镀花酒管 1.5米,,50,条,3.42,0,0,1,14
力固中性硅酮耐侯密封胶（玻璃胶）,瓷白,160,支,2.84,0,144,1,14
力固中性硅酮耐侯密封胶（玻璃胶）,透明,352,支,3.95,0,144,1,14
趴地扇,16寸（400mm）,75,台,71.22,0,30,1,14
趴地扇,18寸（450mm）,52,台,64.96,0,12,1,14
塌落度四件套,,15,套,36.3,0,22,1,14
多功能剥线钳,8寸多功能剥线钳,73,支,13.11,0,16,1,14
一位单双控开关,10AX一位单控开关,19,只,2.62,0,40,1,14
一位单双控开关,10AX一位双控开关,29,只,3.17,0,6,1,14
南威NW-A5101-88V无刷角磨机（两电一充）,A5101-88V,2,个,206.5,0,2,1,14
99式雨衣,,200,套,10.09,0,200,1,14
合金U型混水阀,,133,个,6.21,0,0,1,13
牛角落地扇,500mm,5,台,57.92,0,6,1,13
牛角落地扇,650mm,102,台,59.81,0,24,1,13
牛角落地扇,750mm,4,台,61.81,0,6,0,13
220v单回路插座箱H300*W250*D150/0.35mm,220v单回路插座箱H300*W250*D150/0.35mm,3,台,35,0,6,1,13
220v单回路插座箱H300*W250*D150/0.35mm,220v单回路防水插座箱H300*W250*D150/0.35mm,10,台,36,0,6,0,13
220v单回路插座箱H300*W250*D150/0.35mm,220v-2p漏电单回路防水插座箱H300*W250*D150/0.4mm,1,台,41,0,6,0,13
220v单回路插座箱H300*W250*D150/0.35mm,380V单回路防水插座箱H300*W250*D150/0.5mm,9,台,58,0,2,0,13
舒尔-免钉胶,瓷白-893-300ml（24支/箱）,337,支,2.92,0,240,0,13
卡簧钳,7寸内直卡簧钳,28,支,5.83,0,6,1,13
卡簧钳,7寸内弯卡簧钳,22,支,5.83,0,6,1,13
卡簧钳,7寸外直卡簧钳,24,支,5.83,0,6,1,13
卡簧钳,7寸外弯卡簧钳,23,支,5.83,0,6,1,13
二位单双控开关,二位双控开关-10AX,20,只,4.17,0,6,1,13
南威NW-H5261-88V电锤（两电一充）,H5261-88V,19,个,260.3,0,6,1,13
斗车（水管轮）,,1,台,140,0,0,0,13
分体雨衣,,118,件,12.83,0,200,1,13
牛角落地扇（铜线）,500mm,15,台,69.31,0,6,1,12
牛角落地扇（铜线）,650mm,51,台,71.21,0,24,1,12
牛角落地扇（铜线）,750mm,4,台,76.25,0,6,0,12
生料带1.5cm*10m,盒（1盒=100卷）,154,盒,27.5,0,80,1,12
大将军-除锈剂,550ml（24支/箱）,34,支,3,0,240,1,12
网络钳,8寸网络钳（三用）,41,支,11.89,0,6,1,12
三位单双控开关,三位单控开关-10AX,34,只,4.72,0,20,1,12
三位单双控开关,三位双控开关-10AX,10,只,6.53,0,2,1,12
南威NW-RS5011-48V有刷往复锯（两电一充）,RS5011-48V,10,个,115.5,0,2,1,12
下水裤（黑色）,42#,33,条,45,0,10,1,12
下水裤（黑色）,43#,20,条,45,0,10,1,12
220v-2p漏电单回路防水插座箱H300*W250*D150/0.4mm,,9,台,41,0,0,1,11
电缆挂钩S型,大号长210mm承重30公斤,447,个,0.49,0,800,1,11
电缆挂钩S型,中号长150mm承重15公斤,6380,个,0.34,0,300,1,11
牛角挂壁扇（铜线）,500mm,14,台,66.46,0,5,1,11
牛角挂壁扇（铜线）,650mm,21,台,68.37,0,10,1,11
牛角挂壁扇（铜线）,750mm,8,台,70.27,0,5,0,11
水槽下水管件,0.4M双螺口管 钢丝连接管,85,套,2.53,0,20,1,11
水槽下水管件,双管配件（双菜盆下水管）,35,套,7.74,0,10,1,11
大丰收-手喷漆,天蓝-250G（12支/箱）,567,支,2.42,0,120,1,11
大丰收-手喷漆,深灰-250G（12支/箱）,337,支,2.44,0,120,1,11
大丰收-手喷漆,深黄-250G（12支/箱）,287,支,2.43,0,120,1,11
大丰收-手喷漆,黑色-250G（12支/箱）,552,支,2.42,0,120,1,11
大丰收-手喷漆,猩红-250G（12支/箱）,492,支,2.42,0,120,1,11
大丰收-手喷漆,白色-250G（12支/箱）,502,支,2.42,0,120,1,11
大丰收-手喷漆,银色-250G（12支/箱）,914,支,2.5,0,360,1,11
大丰收-手喷漆,镀落-250G（12支/箱）,373,支,3.33,0,120,1,11
大丰收-手喷漆,绿色-250G(12支/箱）,237,支,2.42,0,36,1,11
大丰收-手喷漆,五十铃蓝（12支/箱）,302,支,2.44,0,120,1,11
南威NW-H5282-48V电重锤(两电一充)方柄,H5282-48,16,台,279.5,0,4,1,11
三联-试件模ABS 150*150*150,,35,个,25.55,0,10,1,11
蓝色防水雨布,2米*3米（1.4斤）,519,张,5.55,0,5,1,11
蓝色防水雨布,2米*4米（2.08斤）,46,张,8.1,0,14,1,11
蓝色防水雨布,2米*5米（2.5斤）,87,张,11.25,0,6,1,11
蓝色防水雨布,3米*3米（2.1斤）,141,张,9.41,0,6,1,11
蓝色防水雨布,3米*4米（2.8斤）,117,张,11.19,0,12,1,11
蓝色防水雨布,3米*5米（3.5斤）,130,张,14.76,0,7,1,11
蓝色防水雨布,3米*6米（4斤）,92,张,18.75,0,6,1,11
蓝色防水雨布,3米*8米（5.5斤）,92,张,23.13,0,7,1,11
蓝色防水雨布,3米*10米（7.1斤）,126,张,28.06,0,12,1,11
蓝色防水雨布,4米*4米（3.4斤）,101,张,16.63,0,24,1,11
蓝色防水雨布,4米*5米（4.2斤）,54,张,19.93,0,12,1,11
蓝色防水雨布,4米*10米（8.6斤）,73,张,37.75,0,12,1,11
蓝色防水雨布,5米*5米（5.4斤）,131,张,22.76,0,9,1,11
蓝色防水雨布,5米*6米（6斤）,262,张,29.74,0,13,1,11
蓝色防水雨布,5米*8米（8斤）,258,张,37.18,0,13,1,11
蓝色防水雨布,5米*10米（10.4斤）,168,张,48.65,0,9,1,11
蓝色防水雨布,6米*6米（7.5斤）,68,张,35.07,0,14,1,11
蓝色防水雨布,6米*8米,1,张,45.37,0,11,1,11
蓝色防水雨布,6米*10米（13斤）,49,张,58.33,0,14,1,11
蓝色防水雨布,8米*8米（14.2斤）,66,张,59.34,0,15,1,11
蓝色防水雨布,8米*10米（16.4斤）,63,张,76.6,0,17,1,11
蓝色防水雨布,8米*14米（24斤）,56,张,105.84,0,9,1,11
蓝色防水雨布,10米*14米（28.5斤）,152,张,125.85,0,13,1,11
压线钳,8寸压线钳（4角）,18,支,25.28,0,3,1,11
四位单双控开关,四位双控开关-10AX,10,只,9.02,0,2,1,11
四位单双控开关,四位单控开关-10AX,1,只,7.35,0,0,1,11
花纹加厚板斗车（鸡爪12支钢筋轮）,,1,台,178,0,0,0,11
220双回路插座箱H300*W250*D150/0.5mm,,4,台,52,0,0,1,10
唐安4KG新国标手提灭火器,4KG,439,支,37.11,0,0,1,10
家用落地风扇（塑叶）,18寸(450mm)5档,250,台,86.42,0,40,1,10
十二支钢筋轮红色斗车,,9,台,119,0,10,1,10
不锈钢洗菜盆,（58*42*1.1厚）带静垫配下水套装,10,套,34.92,0,4,1,10
不锈钢洗菜盆,（60*45*1.1厚）带静垫配下水套装,11,套,37.8,0,4,1,10
钩钉,6分（1箱/10盒）,152,盒,7.65,0,100,1,10
钩钉,1寸（1箱/10盒）,459,盒,8.6,0,100,1,10
南威21v座充充电器,4E33,18,个,9,0,4,1,10
铝箔排烟管,4寸（110）*3米,293,卷,6.77,0,100,1,10
铝箔排烟管,7寸（160）*3米,68,卷,7.1,0,22,1,10
铝箔排烟管,7.5寸（180）*3米,66,卷,8.2,0,22,1,10
铝箔排烟管,8寸（200）*3米,90,卷,9.8,0,26,1,10
抗渗试件模ABS175*185*150,,2,个,9.68,0,6,1,10
断线钳,14寸断线钳（350mm),8,支,18.42,0,2,1,10
断线钳,18寸断线钳（450mm),3,支,24.27,0,2,1,10
断线钳,24寸断线钳（600mm),1,支,30.19,0,2,1,10
断线钳,30寸断线钳（750mm),6,支,43.69,0,2,1,10
断线钳,36寸断线钳（900mm),4,支,53.4,0,2,1,10
断线钳,42寸断线钳（1050mm),13,支,72.96,0,2,1,10
断线钳,48寸断线钳（1200mm),5,支,80.58,0,2,1,10
水平管,10厘*65米（6斤）,52,卷,18.45,0,8,1,10
水平管,12厘*55米（6斤）,63,卷,19.8,0,69,1,10
水平管,14厘*48米（6斤）,12,卷,19.8,0,73,1,10
水平管,16厘*43米（6斤）,7,卷,18.02,0,70,1,10
水平管,18厘*30米（6斤）,31,卷,19.8,0,20,1,10
水平管,22厘*25米（6斤）,77,卷,18.37,0,26,1,10
水平管,25厘*22米（6斤）,12,卷,17.78,0,21,1,10
星韵Ⅱ筒灯,5W 6500K 3寸 φ75-80mm 白色,192,个,5.28,0,40,1,10
星韵Ⅱ筒灯,7W 6500K 3.5寸 φ85-90mm 白色,96,个,7.5,0,20,1,10
星韵Ⅱ筒灯,9W 6500K 4寸 φ100-105mm 白色,96,个,11.31,0,20,1,10
一位电脑插（超五类）,,20,只,12.03,0,4,1,10
安全网1.8*6米（阻燃）,3斤,120,张,10,0,200,1,10
安全网1.8*6米（阻燃）,4斤,1,张,15.38,0,120,1,10
双辉水带8-65-20,8-65-20,419,条,35.55,0,200,1,10
橡塑减速带-奔驰标40厚,500*300*40,142.5,米,17.72,0,0,1,10
橡塑减速带-奔驰标40厚,端头300mm*150mm*40mm,528,米,5.7,0,0,1,10
220双回路防水插座箱H300*W250*D150/0.5mm,,12,台,54,0,0,1,9
家用落地风扇（铝叶）,18寸(450mm)5档,149,台,98.77,0,40,1,9
不锈钢地漏,100*100*50口- 2厘3.5寸双用卡扣地漏 带自封(102-2)防臭,26,个,4.02,0,10,1,9
自粘网格布,5公分,824,卷,1.17,0,200,1,9
自粘网格布,10公分,420,卷,2.36,0,192,1,9
自粘网格布,15公分,445,卷,4.28,0,96,1,9
自粘网格布,20公分,99,卷,5.56,0,96,1,9
自粘网格布,1米,207,卷,18.88,0,40,1,9
南威16.8v座充充电器,4H45,20,个,6,0,4,1,9
实心斗车轴,,22,条,20.5,0,10,1,9
单联-抗折试件模ABS150*550,,28,个,25.91,0,5,1,9
网管,16（4分）*40米网管,84,卷,30.27,0,40,1,9
网管,20（6分）*40米网管,77,卷,40.36,0,60,1,9
网管,20（6分）*32米网管,180,卷,20.71,0,48,1,9
网管,25（1寸）*40米网管,57,卷,53.98,0,40,1,9
鲤鱼钳,8寸鲤鱼钳,9,支,6.8,0,5,1,9
五羊PVC电工防水胶带,J20-10(黑色)100卷/箱,1110,卷,2.02,0,200,1,9
明朗灯盘,明朗Ⅴ 36W 4000K 598x598x35mm N,30,个,44,0,6,1,9
明朗灯盘,明朗Ⅴ 36W 6500K 598x598x35mm N,30,个,44,0,6,1,9
明朗灯盘,明朗Ⅴ 36W 4000K 599x599x35mm 集成吊顶 N,30,个,44,0,6,1,9
二位电脑插（超五类）,,20,只,20.27,0,4,1,9
安全网1.8*6米（半阻燃）,1斤,17,张,3.8,0,200,1,9
安全网1.8*6米（半阻燃）,2斤,16,张,6.5,0,160,1,9
380V单回路插座箱H300*W250*D150/0.5mm,,10,台,58,0,0,1,8
方形工业排气扇（带网）,8寸-32W（265×265x165）,15,台,33.29,0,4,1,8
方形工业排气扇（带网）,10寸-38W（290x290x165）,15,台,35.79,0,6,1,8
方形工业排气扇（带网）,12寸-45W（355x355x165）,19,台,38.69,0,8,1,8
方形工业排气扇（带网）,14寸-70W（415x415x165）,9,台,46.09,0,8,1,8
方形工业排气扇（带网）,16寸-120W（485x485x165,35,台,72.49,0,8,1,8
方形工业排气扇（带网）,20寸-150W（600x600x260）,36,台,107.79,0,8,1,8
方形工业排气扇（带网）,24寸-200W（700x700×260）,30,台,224.39,0,6,1,8
SUS304不锈钢双头软管,单冷软管 30cm,65,条,1.89,0,20,1,8
SUS304不锈钢双头软管,单冷软管 40cm,32,条,2.14,0,20,1,8
SUS304不锈钢双头软管,单冷软管 50cm,48,条,2.51,0,20,1,8
SUS304不锈钢双头软管,单冷软管 60cm,51,条,2.39,0,20,1,8
SUS304不锈钢双头软管,单冷软管 70cm,100,条,2.64,0,12,1,8
SUS304不锈钢双头软管,单冷软管 80cm,38,条,3.37,0,10,1,8
SUS304不锈钢双头软管,单冷软管 100m,21,条,3.83,0,6,1,8
SUS304不锈钢双头软管,单冷软管 120cm,31,条,4.72,0,6,1,8
SUS304不锈钢双头软管,单冷软管 150cm,48,条,4.46,0,6,1,8
SUS304不锈钢双头软管,单冷软管 200cm,48,条,5.78,0,5,1,8
滚筒支架,滚筒支架33cm,1086,支,0.64,0,270,1,8
南威21v线充充电器,4H44,1,个,3,0,4,1,8
单联-抗折试件模ABS100*400,,50,个,27.18,0,5,1,8
胡桃钳,8寸胡桃钳,70,支,8.95,0,4,1,8
五羊PVC电工胶布,1570（黑色）,10737,卷,0.58,0,6060,1,8
五羊PVC电工胶布,1570（双色）300卷/箱,5935,卷,0.67,0,900,1,8
五羊PVC电工胶布,1570（白色）,1990,卷,0.58,0,900,1,8
五羊PVC电工胶布,1570（绿色）,75,卷,0.58,0,900,1,8
五羊PVC电工胶布,1570（红色）,9272,卷,0.58,0,900,1,8
五羊PVC电工胶布,1570（黄色）,3740,卷,0.58,0,900,1,8
五羊PVC电工胶布,1570（蓝色）,1930,卷,0.58,0,900,1,8
黄腊管,8厘,1800,条,0.18,0,60,1,8
黄腊管,10厘,740,条,0.21,0,60,1,8
黄腊管,12厘,300,条,0.27,0,60,0,8
黄腊管,14厘.,400,条,0.32,0,60,1,8
黄腊管,16厘,850,条,0.38,0,60,1,8
黄腊管,20厘,2045,条,0.48,0,60,1,8
柔雅吸顶灯,柔雅Ⅲ 12W 6500K φ273x60mm 白色 NP,48,个,21.68,0,12,1,8
柔雅吸顶灯,柔雅Ⅲ 18W 6500K φ320x60mm 白色 NP,14,个,26.05,0,12,1,8
双边10厘13支钢筋轮,,68,个,31,0,20,1,8
APC-F方形橱窗扇,4寸-15W（160x160）,49,台,24.49,0,10,1,7
APC-F方形橱窗扇,6寸-23W（210x210）,47,台,28.39,0,10,1,7
APC-F方形橱窗扇,8寸-35W（260x260）,32,台,32.39,0,10,1,7
冲水箱,8升-Q20水箱,13,个,21.42,0,10,1,7
冲水箱,8升-S60豪华高配水箱,60,个,35.1,0,5,1,7
精美茶叶一袋（83g）随单配送,,97,袋,0,0,0,0,7
滚筒,8寸滚筒（带柄）,1580,个,1.6,0,400,1,7
滚筒,6寸滚筒（带柄）,686,个,0.96,0,180,1,7
滚筒,9寸滚筒（带柄）,420,个,1.6,0,160,1,7
滚筒,4寸大滚筒（带柄）,1479,个,0.96,0,400,1,7
滚筒,大拇指头滚筒25,1705,个,0.59,0,400,1,7
滚筒,小拇指头滚筒20,3670,个,0.24,0,800,1,7
滚筒,羊毛拇指滚筒,1790,个,0.53,0,400,1,7
南威16.8v线充充电器,4H42,13,个,3,0,4,1,7
PVC波纹管（红色）,20mm*40米红色波纹管,46,卷,10.2,0,20,1,7
单联-抗压试件模ABS 100*100,,48,个,8.68,0,6,1,7
铁皮剪,8寸德式铁皮剪,31,支,8.7,0,2,1,7
铁皮剪,10寸德式铁皮剪,1,支,11.02,0,2,1,7
铁皮剪,12寸德式铁皮剪,10,支,13.4,0,4,1,7
铁皮剪,14寸德式铁皮剪,14,支,15.63,0,4,1,7
尼龙扎带,4*150,231,包,2.16,0,40,1,7
尼龙扎带,4*200,10,包,3.06,0,60,1,7
尼龙扎带,4*250,89,包,2.24,0,60,1,7
尼龙扎带,5*350,79,包,4.17,0,60,1,7
尼龙扎带,5*400,170,包,5.42,0,60,1,7
尼龙扎带,8*350,233,包,6,0,60,1,7
尼龙扎带,8*400,239,包,7.01,0,60,1,7
尼龙扎带,8*500,225,包,11.74,0,60,1,7
尼龙扎带,10*400,18,包,4.45,0,60,1,7
尼龙扎带,10*500,123,包,7.76,0,60,1,7
柔雅吸顶灯 （感应款）,柔雅Ⅲ 12W 6500K φ273x60mm 白色 声光控 NP,5,个,28.07,0,5,1,7
柔雅吸顶灯 （感应款）,柔雅Ⅲ 12W 6500K φ273x72mm白色 红外带光控NP,10,个,32.35,0,5,1,7
鸡爪14支钢筋斗车轮,,6,个,29,0,16,1,7
防坠网,1*6米（10cm*10cm孔),404,张,2.15,0,100,1,7
防坠网,1.5*6米（10cm*10cm孔),14,张,3.74,0,100,1,7
防坠网,3*6米（10cm*10cm孔),88,张,7.52,0,100,1,7
防坠网,1*6米（5cm*5cm孔),20,张,3.37,0,100,1,7
防坠网,1.5*6米（5cm*5cm孔),46,张,4.9,0,200,1,7
防坠网,3*6米（5cm*5cm孔),119,张,8.5,0,200,1,7
橡塑减速带-奔驰标70厚,奔驰标70厚（不带槽）,21,米,37.77,0,0,1,6
橡塑减速带-奔驰标70厚,端头350MM*175MM*厚70MM（个）,5,米,7.5,0,0,1,6
套装花洒,硬汉斯 灰面花洒套装 A12,24,套,6.91,0,40,1,6
南威12v线充充电器,4H41,1,个,2,0,4,1,6
PVC波纹管（白色）,20mm*20米白色波纹管,508,卷,3.69,0,60,1,6
PVC波纹管（白色）,25mm*20米白色波纹管,244,卷,5.7,0,60,1,6
PVC波纹管（白色）,32mm*20米白色波纹管,278,卷,9,0,60,1,6
地板保护膜胶带40*20,40*20,648,卷,1.9,0,400,1,6
T200工业金属壳手提箱86面板（双五孔）,,24,个,10,0,12,1,6
8寸钢丝剪,8寸钢丝剪,8,支,11.36,0,3,1,6
封箱透明胶纸（144卷/箱））,4.5宽*1.0cm厚*60,2891,卷,1.35,0,1152,1,6
星启恒压电源 （长款）,星启Ⅱ 60W DC24V 156x40x30mm IP20,10,个,31.81,0,2,1,6
土工布,2*50米（100克7.3斤）,34,卷,21.6,0,10,1,6
土工布,2*50米（150克13.6斤）,54,卷,31.6,0,20,1,6
土工布,2*50米（200克14.4斤）,156,卷,41.85,0,20,1,6
心相印纸巾一提（6包）随单配送,,193,提,0,0,0,0,6
集成吊顶管道排气扇,300x300×160-110口径,28,台,32.39,0,6,1,5
集成吊顶管道排气扇,600x600x170-110口径,11,台,64.69,0,6,1,5
角阀,不锈钢  213（红轮）,82,个,2.12,0,20,1,5
角阀,不锈钢  213（蓝轮）,260,个,2.76,0,0,1,5
家家宜洗衣液（4斤）随单配送,,198,瓶,0,0,0,0,5
熔断器底座RT18-63X,RT18-63X-1P,234,个,1.95,0,50,1,5
熔断器底座RT18-63X,RT18-63X-2P,191,个,3.97,0,30,1,5
熔断器底座RT18-63X,RT18-63X-3P,57,个,5.81,0,50,1,5
熔断器底座RT18-63X,RT18-63X-4P,59,个,7.8,0,20,1,5
南威15节88V电池,4E62,8,块,51,0,2,1,5
PE波纹管,PE-16mm(18.5)*40米波纹管,306,卷,6.36,0,10,1,5
PE波纹管,PE-20mm(21.2)*40米波纹管,353,卷,6.85,0,40,1,5
PE波纹管,PE-25mm(25)*40米波纹管,209,卷,9.64,0,22,1,5
PE波纹管,PE-32mm(34.5)*40米波纹管,450,卷,14.61,0,21,1,5
PE波纹管,PE-50mm(54.5)*25米波纹管,134,卷,20.46,0,15,1,5
PE波纹管,PE-63mm*22米波纹管,12,卷,40,0,12,1,5
PE波纹管,PE-100mm*22米波纹管,31,卷,80,0,3,1,5
恒信斗车轴承,,202,个,1.3,0,120,1,5
T305工业金属壳手提箱86面板（十五孔排插）,,45,个,10.5,0,12,1,5
钢丝剪,18寸钢丝剪(450mm),3,支,31.07,0,1,1,5
钢丝剪,36寸钢丝剪(900mm),3,支,77.67,0,1,1,5
钢丝剪,42寸钢丝剪(1050mm),4,支,108.25,0,1,1,5
EVA瓷砖保护膜,1.2米*15米*1.0厚,1551,卷,12.39,0,200,1,5
纱手套,500纱手套500G,19174,双,0.3,0,3000,1,5
纱手套,7930纱手套700G,81,双,0.42,0,3000,1,5
纱手套,8930纱手套800G,3812,双,0.47,0,1440,1,5
星启恒压电源 （长款灯箱型）,星启Ⅱ灯箱 100W DC24V 269x54x23mm IP20,10,个,42.41,0,2,1,5
星启恒压电源 （长款灯箱型）,星启Ⅱ灯箱 150W DC24V 269x54x23mm IP20,10,个,48.59,0,2,1,5
10A带开关三扁插座_,,20,只,5.04,0,4,1,5
天花板直排换气扇,8寸-29W（295x295x140）,13,台,26.5,0,6,1,4
天花板直排换气扇,10寸-36W（320x320x140）,2,台,28.39,0,6,1,4
天花板直排换气扇,12寸-40W（355x355x140）,19,台,32.39,0,6,1,4
洗衣机龙头,合金铜芯尖嘴134,49,个,4.95,0,35,1,4
洗衣机龙头,304#不锈钢尖嘴194,137,个,5.39,0,30,1,4
熔断器底座RT18-125X,RT18-125X-1P,96,个,3.97,0,20,1,4
熔断器底座RT18-125X,RT18-125X-2P,32,个,7.95,0,10,1,4
熔断器底座RT18-125X,RT18-125X-3P,75,个,11.95,0,20,1,4
熔断器底座RT18-125X,RT18-125X-4P,24,个,16,0,5,1,4
橡塑减速带-奔驰标70厚（带槽）.,500*350*70（5*5）,38,米,33.91,0,0,1,4
南威10节48V电池,4E61,10,块,37,0,2,1,4
包胶金属蛇皮管,16*40米包胶金属蛇皮软管,48,卷,15.7,0,60,1,4
包胶金属蛇皮管,20*40米包胶金属蛇皮软管,144,卷,18.37,0,60,1,4
包胶金属蛇皮管,25*40米包胶金属蛇皮软管,230,卷,23.62,0,60,1,4
包胶金属蛇皮管,32*25米包胶金属蛇皮软管,92,卷,24.6,0,60,1,4
包胶金属蛇皮管,38*25米包胶金属蛇皮软管,48,卷,35.8,0,41,1,4
包胶金属蛇皮管,51*25米包胶金属蛇皮软管,89,卷,52.3,0,40,1,4
斗车螺母,,758,个,0.41,0,80,1,4
T205工业金属壳手提箱防爆型（双五孔）,,210,个,9.82,0,12,1,4
电缆剪,6寸电缆剪（150mm）,10,支,6.8,0,4,1,4
电缆剪,8寸电缆剪（200mm）,49,支,9.95,0,4,1,4
电缆剪,10寸电缆剪（250mm）,17,支,11.23,0,2,1,4
电缆剪,18寸电缆剪（450mm）,29,支,24.27,0,6,1,4
电缆剪,24寸电缆剪（600mm）,25,支,32.01,0,4,1,4
电缆剪,36寸电缆剪（900mm）,10,支,60.19,0,2,1,4
电缆剪,42寸电缆剪（1050mm）,7,支,101.94,0,2,1,4
工程养护膜,1*180米,19,卷,5.68,0,400,1,4
牛津手套,,108,双,2.59,0,120,1,4
星启恒压电源 （宽款）,星启经济250W DC24V 199x98x42mmIP20接线柱,10,个,61.85,0,2,1,4
16A三扁插座,,1,只,3.5,0,10,1,4
假草皮（不背胶）,2*25米*1.5,57,条,66.55,0,20,1,4
天花板管道式排气扇,8寸-29W（245x245x160）,50,台,26.5,0,10,1,3
天花板管道式排气扇,10寸-36W（300x300×160）,42,台,28.4,0,10,1,3
天花板管道式排气扇,12寸-40W（335x335x170）,79,台,32.39,0,16,1,3
天花板管道式排气扇,14寸-48W（400x400x180）,80,台,45.09,0,16,1,3
天花板管道式排气扇,20寸-66W（600x600x170）,30,台,64.39,0,6,1,3
洗菜盆水龙头,不锈钢拉丝白板把单冷洗菜盆龙头510,93,个,8.41,0,8,1,3
洗菜盆水龙头,不锈钢拉丝白板单冷洗菜盆龙头514,18,个,14.83,0,5,1,3
电缆热缩终端头（五指套）,五指套5.0(5芯10-16m²),213,套,2.96,0,66,1,3
电缆热缩终端头（五指套）,五指套5.1(5芯25-50m²),293,套,3.77,0,44,1,3
电缆热缩终端头（五指套）,五指套5.2(5芯70-120m²),10,套,5.37,0,26,1,3
电缆热缩终端头（五指套）,五指套5.3(5芯150-240m²),158,套,6.7,0,18,1,3
电缆热缩终端头（五指套）,五指套5.4(5芯300-400m²),40,套,11.6,0,10,1,3
熔断器底座NT00-3P,NT00-3P,40,个,17,0,10,1,3
熔断器底座RT18-32X,RT18-32X-1P,690,个,1.12,0,160,1,3
熔断器底座RT18-32X,RT18-32X-3P,104,个,3.36,0,30,1,3
熔断器底座RT18-32X,RT18-32X-4P,72,个,4.5,0,20,1,3
美纹纸,50mm（40卷/箱）,2405,卷,1.22,0,560,1,3
美纹纸,30mm（64卷/箱）,1160,卷,0.79,0,896,1,3
美纹纸,20mm（96卷/箱）,3084,卷,0.53,0,960,1,3
南威4节16.8V电池,4J34,10,块,18,0,2,1,3
斗车垫片,小垫片,403,个,0.18,0,40,1,3
T315工业金属壳手提箱防爆型（三五孔）,,96,个,10.03,0,12,1,3
水管钳,8寸水管钳（200mm）,15,支,8.25,0,4,1,3
水管钳,10寸水管钳（250mm）,30,支,10.07,0,5,1,3
水管钳,12寸水管钳（300mm）,44,支,13.22,0,5,1,3
水管钳,18寸水管钳（450mm),32,支,21.48,0,6,1,3
水管钳,24寸水管钳（600mm),7,支,30.36,0,5,1,3
水管钳,30寸水管钳（750mm),9,支,40.78,0,3,1,3
水管钳,36寸水管钳（900mm),5,支,55.34,0,2,1,3
水管钳,48寸水管钳（1200mm),12,支,87.38,0,2,1,3
蓝色包胶手套,丁青333,3311,双,0.75,0,960,1,3
光河高压灯带（卷/50米）,8W 60灯 220V 827 1m/剪,4,卷,292,0,2,1,3
光河高压灯带（卷/50米）,8W 60灯 220V 840 1m/剪,2,卷,292,0,2,1,3
光河高压灯带（卷/50米）,8W 60灯 220V 865 1m/剪,4,卷,292,0,2,1,3
盖土网,8*20米（3针）,98,条,8,0,200,1,3
盖土网,8*20米（4针）,1036,条,9,0,200,1,3
盖土网,8*20米（6针）,479,条,16.5,0,120,1,3
16A带开关三扁插座,,25,只,6.37,0,10,1,3
豪华百叶排气扇(带网分体）,6寸-27W（235x235x120）,48,台,25.5,0,10,1,2
豪华百叶排气扇(带网分体）,8寸-29W（290x290x132）,34,台,27.5,0,16,1,2
豪华百叶排气扇(带网分体）,10寸-36W（340x340x132）,74,台,29.4,0,16,1,2
豪华百叶排气扇(带网分体）,12寸-40W（392x392x190）,70,台,34.3,0,16,1,2
淋浴冷暖水龙头,合金（暗装）雅诗三联淋浴龙头771,21,个,34.25,0,5,1,2
淋浴冷暖水龙头,SUS304（暗装）拉丝直咀三联淋浴龙头782,5,个,40.5,0,5,1,2
淋浴冷暖水龙头,合金大明装大平面三角淋浴龙头911,36,个,23.4,0,8,1,2
电缆热缩终端头（四指套）,四指套4.0(4芯10-16m²),345,套,2.7,0,70,1,2
电缆热缩终端头（四指套）,四指套4.1(4芯25-50m²),216,套,3.06,0,50,1,2
电缆热缩终端头（四指套）,四指套4.2(4芯70-120m²),135,套,4.32,0,30,1,2
电缆热缩终端头（四指套）,四指套4.3(4芯150-240m²),106,套,5.67,0,22,1,2
电缆热缩终端头（四指套）,四指套4.4(4芯300-400m²),70,套,9.19,0,14,1,2
熔断器-保险管-方,RT16-63A,154,个,3.67,0,40,1,2
熔断器-保险管-方,RT16-100A,113,个,3.7,0,30,1,2
熔断器-保险管-方,RT16-160A,142,个,3.7,0,30,1,2
熔断器-保险管-方,NT1-200A,72,个,7.1,0,15,1,2
熔断器-保险管-方,NT1-250A,222,个,7.18,0,15,1,2
熔断器-保险管-方,NT2-300A,40,个,12.6,0,8,1,2
熔断器-保险管-方,NT2-400A,169,个,12.66,0,8,1,2
遮蔽保护膜,55cm,640,卷,1.35,0,200,1,2
遮蔽保护膜,110cm,1000,卷,2,0,400,1,2
遮蔽保护膜,150cm,680,卷,2.4,0,200,1,2
遮蔽保护膜,180cm,870,卷,2.2,0,200,1,2
遮蔽保护膜,240cm,20,卷,2.4,0,200,1,2
南威3节12V电池,4H24,6,块,11,0,2,1,2
T230工业金属壳手提箱防爆型（双三芯）,,57,个,17.7,0,6,1,2
液压钳,70 液压钳,12,支,106.5,0,1,1,2
液压钳,120 液压钳,9,支,116.5,0,1,1,2
液压钳,240 液压钳,5,支,126.03,0,1,1,2
液压钳,300 液压钳,1,支,135.27,0,1,1,2
胶扫把（不带柄）,330*105*285（单色）小美好开毛（1箱100把）,1637,支,1.1,0,744,1,2
胶扫把（不带柄）,400*105*310（双色）三角扫王开毛（1箱50把）,57,支,1.64,0,640,1,2
高压灯带配件,光河400W 螺扣 基础型 通用,6,个,6.8,0,6,1,2
绿色无纺布,3*300米,13,卷,110,0,20,1,2
单冷洗菜盆水龙头511,,86,个,11.66,0,6,1,1
百叶排气扇,6寸-27W（235x235x120）,35,台,22.6,0,10,1,1
百叶排气扇,8寸-29W（290x290x132）,44,台,23.5,0,16,1,1
百叶排气扇,10寸-36W（340x340x132）,24,台,24.5,0,16,1,1
百叶排气扇,12寸-40W（392x392x190）,42,台,29.4,0,16,1,1
南威NW-D5213-21V-10mm无刷双速手电钻(两电一充),D5213-21V-10mm无刷双速手电钻(两电一充),3,套,97,0,12,1,1
熔断器-保险管-圆,RO15-32A,287,个,0.15,0,800,1,1
熔断器-保险管-圆,RO16-63A,550,个,0.32,0,400,1,1
熔断器-保险管-圆,RO17-125A,461,个,0.67,0,120,1,1
胶塞,6厘（20盒/1件）,155,盒,2.4,0,96,1,1
胶塞,8厘,327,盒,4.15,0,80,1,1
SF-04S手提箱防雨型,（防雨4*5孔 10-16A）,40,个,41.38,0,7,1,1
液压断线钳,16 液压断线钳,4,支,160.19,0,1,1,1
液压断线钳,20 液压断线钳,4,支,247.57,0,1,1,1
液压断线钳,22 液压断线钳,4,支,359.22,0,1,1,1
扫把棍,96cm,885,条,0.6,0,1200,1,1
银河低压灯带 （COB）卷/10米,银河 11W 182灯24V 930 77mm/剪 8宽 10mCOB,5,卷,32.4,0,2,1,1
银河低压灯带 （COB）卷/10米,银河 11W 182灯24V 935 77mm/剪 8宽 10mCOB,5,卷,32.4,0,2,1,1
银河低压灯带 （COB）卷/10米,银河 11W 182灯24V 940 77mm/剪 8宽 10mCOB,5,卷,32.4,0,2,1,1
银河低压灯带 （COB）卷/10米,银河 11W 182灯24V 965 77mm/剪 8宽 10mCOB,5,卷,32.4,0,2,1,1
电缆支架,50公分,571,个,3.3,0,240,1,1
铁丝,12#,5,扎,38.5,0,0,1,0
304大流量U型混水阀,,50,个,8.91,0,0,1,0
单轮台面洗手盆龙头     4个/盒,,40,个,7.92,0,0,1,0
中诺对讲机 HN520-H11,,2,套,180,0,0,1,0
中诺对讲机  HN888,,2,套,120,0,0,1,0
双辉水带8-65-20（整套）,,65,套,48.64,0,0,1,0
双辉水带8-65-25（整套）,,62,套,57.14,0,0,1,0
好对通HT-688公网全国对讲,不限距离(一电一充锂电池)，含三年卡,50,套,250,0,0,1,0
好对通HT-668对讲机8W,一电一充锂电池，距离1-3公里,100,套,145,0,0,1,0
好对通HT-118对讲机5W,一电一充锂电池，距离1-2公里,100,套,75,0,0,1,0
卷盘（加厚）,20m,31,个,43,0,0,1,0
卷盘（加厚）,25m,101,个,47,0,0,1,0
联塑.,联塑排水110弯头,6,个,4.72,0,0,0,0
绿色高压水带,2寸*50m,2,卷,83.84,0,0,1,0
绿色高压水带,4寸*50m,23,卷,171.5,0,0,1,0
绿色高压水带,6寸*50m,6,卷,284.38,0,0,1,0
不锈钢切割泵 220v,WQDAS10（m³/h）-15（m）-1.1KW(2寸/50MM）,2,台,290,0,0,1,0
不锈钢切割泵 220v,WQDAS15（m³/h）-15（m）-1.5KW(2寸/50MM）,2,台,360,0,0,1,0
不锈钢污水泵   220v,WQD10（m³/h）-15（m）-1.1KW(2寸/50MM）,2,台,260,0,0,1,0
不锈钢污水泵   220v,WQD15（m³/h）-15（m）-1.5KW(2寸/50MM）,2,台,330,0,0,1,0
增压泵   220v,WZB-400、 2.5（m³/h）-35（m）-400W(25MM）,3,台,250,0,0,1,0
增压泵   220v,WZB-600、 3.0（m³/h）-40（m）-600W(25MM）,4,台,315,0,0,1,0
增压泵   220v,WZB-800、 3.5（m³/h）-50（m）-800W(25MM）,3,台,345,0,0,1,0
小型清水泵   220v,QDX3（m³/h）-26（m）-1.1KW(25MM）,10,台,265,0,0,1,0
小型清水泵   220v,QDX15（m³/h）-20（m）-1.5KW(2寸/50MM）,7,台,288,0,0,1,0
污水泵  220v,WQ(D)10（m³/h）-15（m）-1.1KW(2寸/50MM）,6,台,208,0,0,1,0
污水泵  380v,50WQ15（m³/h）-20（m）-2.2KW(2寸/50MM）,8,台,510,0,0,1,0
污水泵  380v,50WQ15（m³/h）-30（m）-3KW(2寸/50MM）,8,台,661,0,0,1,0
污水泵  380v,80WQ43（m³/h）-13（m）-3KW(3寸/80MM）,1,台,732,0,0,1,0
污水泵  380v,80WQ40（m³/h）-15（m）-4KW(3寸/80MM）,3,台,941,0,0,1,0
污水泵  380v,50WQ15（m³/h）-40（m）-5.5KW(2寸/50MM）,4,台,1198,0,0,1,0
污水泵  380v,80WQ30（m³/h）-30（m）-5.5KW(3寸/80MM）,4,台,1283,0,0,1,0
污水泵  380v,80WQ45（m³/h）-22（m）-7.5KW(3寸/80MM）,1,台,1648,0,0,1,0
污水泵  380v,100WQ100（m³/h）-15（m）-7.5KW(4寸/100MM）,2,台,1648,0,0,1,0
唐安25L推车式水基型灭火器,,1,台,296,0,0,1,0
灭火器,鑫安4公斤,4,支,41,0,0,1,0
201不锈钢灭火器箱  4KG*2,4KG*2,26,个,42,0,0,1,0
唐安5KG新国标手提灭火器,,177,支,47,0,0,1,0
1.8公斤提环圆锥（730高.新款）,730*360,1686,个,4.53,0,0,1,0
橡塑  止步器,长550*宽140*高80mm  （2.45公斤）,230,个,5.79,0,0,1,0
（大管）胶马护栏,1600*1000（7.5公斤）,2,套,48.38,0,0,1,0
唐安8KG新国标手提灭火器,,65,瓶,74,0,0,1,0
联塑,槽盒（86*34）,40,条,0.9,0,0,0,0
大西洋焊条.,,3,包,19.33,0,0,0,0
32管不锈钢铁马（201）2.5公斤,1500*1000,233,个,41.52,0,0,1,0
新款 道口柱（活动）,2.5寸*750（活动）,113,条,18,0,0,1,0
消火栓检查卡,,1950,张,0.05,0,0,1,0
大垃圾袋,,17,扎,7,0,0,0,0
消火栓检查卡,,400,张,0.2,0,0,1,0
4*2新款灭火器箱,,2,个,9,0,0,1,0
5*2新款灭火器箱,,2,个,11,0,0,0,0
实心斗车轮,,1,个,22,0,0,1,0
LS dn110 PVC给水管(1.0MPa)4M 4.2,,1,条,80.32,0,0,0,0
不锈钢锁扣（直角）,100,90,个,2.47,0,0,1,0
水带箱800*650*240亚克力 (鸿创),,11,个,102.83,0,0,1,0
卷盘箱800*650*240亚克力 (鸿创),,17,个,105,0,0,1,0
灭火器箱8KG*2,,28,个,48.07,0,0,1,0
东鸿8KG干粉灭火器,,1,支,73.67,0,0,0,0
小胶马护栏（新款）,1350*800 （4.5公斤） 红,1,套,25.47,0,0,0,0
东鸿5KG手提干粉灭火器,,11,支,50.54,0,100,0,0
东成碳刷,,1,付,5,0,0,1,0
胶马脚,,2,个,4.92,0,0,1,0
永安30KG车推式灭火器（新国标）,,1,台,360,0,0,0,0
鸿特4KG新国标手提灭火器,,9,支,37.28,0,0,0,0
道口柱（活动）单柱子,2.5*760(活动带环）单柱子,28,条,15.47,0,0,0,0
道口柱（活动）单柱子,4.0*1000（活动）单柱子,14,条,25.97,0,0,0,0
广消3KG新国标二氧化碳灭火器,,30,支,78.5,0,0,1,0
铝梯拉杆（含配件）,35公分长,2,条,5,0,4,1,0
铝梯拉杆（含配件）,65公分长,1,条,7,0,4,1,0
铝梯拉杆（含配件）,75公分长,3,条,5.33,0,4,1,0
印油,蓝色,1,瓶,6,0,0,0,0
印油,红色,2,瓶,6,0,0,0,0
燃气报警器,,75,个,12.49,0,80,1,0
永安5KG新国标手提灭火器,,1,个,50.41,0,0,0,0
PVC直通,DN40,5,个,0.76,0,0,0,0
永安5KG手提灭火器,,2,支,45,0,0,0,0
橡塑减速带-奔驰标70厚（带槽）,500*350*70,2,米,35,0,10,1,0
橡塑减速带,500*330*50,3,米,18.6,0,80,1,0
橡塑减速带,500*330*50端头（个）,111,米,4.5,0,120,1,0
橡塑减速带,1000*330*40,162,米,15.93,0,160,1,0
橡塑减速带,1000*330*40（端头）个,109,米,4.48,0,0,1,0
灭火器喷管,,15,条,0,0,0,0,0
太阳能黄闪灯,,10,套,150,0,0,1,0
太阳能标牌,40*60*6,10,套,150,0,0,1,0
斗车交叉轮,,34,个,29.02,0,30,1,0
黄黑减速带（橡胶）,500*350*50,0.5,米,32.86,0,100,0,0
透明-小型漏电开关RMB1LE-4P,63/4P 63A 15mA0.1S(2个/盒）,48,个,19.4,0,30,1,0
停车止步器（橡胶,长560*宽160*高100）,358,条,16.5,0,120,1,0
玻璃钢纤维人字梯,6级,20,台,330,0,0,1,0
玻璃钢纤维人字梯,8级,20,台,440,0,0,1,0
玻璃钢纤维人字梯,9级,20,台,495,0,0,1,0
玻璃钢纤维人字梯,10级,20,台,550,0,0,1,0
玻璃钢纤维人字梯,12级,20,台,660,0,0,1,0
平台绝缘梯,6级,20,台,426.7,0,0,1,0
平台绝缘梯,8级,19,台,588,0,0,1,0
平台绝缘梯,9级,21,台,665.31,0,0,1,0
平台绝缘梯,10级,20,台,750,0,0,1,0
平台绝缘梯,12级,20,台,900,0,0,1,0
平台绝缘梯,7级,5,台,420,0,0,0,0
接头,个,13,个,1.39,0,0,0,0
透明-小型漏电开关RMB1LE-3P,32A 3P 15MA 0.1S（3个/盒）,93,个,16.17,0,45,1,0
透明-小型漏电开关RMB1LE-3P,63A 3P 15MA 0.1S（3个/盒）,146,个,16.17,0,90,1,0
透明-小型漏电开关RMB1LE-3P,63A 3P 30MA 0.1S（3个/盒）,182,个,16.21,0,50,1,0
透明-小型漏电开关RMB1LE-2P,32A 2P 15MA 0.1S,13,个,12.21,0,30,1,0
透明-小型漏电开关RMB1LE-2P,63A 2P 15MA 0.1S,136,个,12.38,0,40,1,0
透明-小型漏电开关RMB1LE-2P,32A 2P 30MA 0.1S,126,个,12.1,0,40,1,0
钢管膜红白（薄）,17CM*50M(/12卷/箱),72,卷,25,0,0,1,0
D3电池（车位锁）,,2,个,30,0,0,0,0
防撞桶贴膜,,25,张,2.55,0,0,0,0
凯酷奇烟感器,,6,个,5.44,0,300,0,0
定制玻璃,,3,块,12.36,0,0,0,0
玻纤布,,8,卷,6.17,0,0,0,0
定制2000*300U型护栏,,7,个,60,0,0,1,0
充电线+遥控器,,2,套,20,0,0,0,0
3KG圆锥红白锥套（工厂）,,5,个,2,0,0,0,0
超六类网络线,6095-超六类网络线-灰色100米,14,卷,80.81,0,5,1,0
超六类网络线,6250-超六类网络线-灰色260米,29,卷,201.7,0,10,1,0
超六类网络线,6290-超六类网络线(国标)-深蓝300米,27,卷,442.9,0,10,1,0
超五类网络线,5095-超五类网络线-灰色100米,12,卷,74.7,0,5,1,0
超五类网络线,5250-超五类网络线-灰色260米,40,卷,184.7,0,10,1,0
超五类网络线,5290-超五类网络线(国标)-深蓝300米,34,卷,288.7,0,8,1,0
PVC球阀,20,1453,个,0.87,0,380,1,0
PVC球阀,25,746,个,1.28,0,280,1,0
PVC球阀,32,874,个,2.13,0,220,1,0
PVC球阀,40,96,个,3.56,0,20,1,0
PVC球阀,50,316,个,4.29,0,84,1,0
排水管清扫口,110,20,个,1.79,0,24,1,0
排水管清扫口,160,26,个,3.91,0,10,1,0
排水管清扫口,200,38,个,7.82,0,12,1,0
排水管透气帽,75,183,个,0.56,0,60,1,0
排水管透气帽,110,55,个,1.04,0,24,1,0
排水管方型雨斗,110,25,个,5.66,0,9,1,0
排水管P型 存水弯,75,29,个,2.57,0,9,1,0
排水管P型 存水弯,110,27,个,5.9,0,4,1,0
排水管S型 存水弯,50,74,个,1.7,0,24,1,0
排水管S型 存水弯,75,30,个,2.93,0,12,1,0
排水管S型 存水弯,110,6,个,7.18,0,4,1,0
排水管P型 存水弯 (带口),75,6,个,2.74,0,9,1,0
排水管P型 存水弯 (带口),110,14,个,5.91,0,5,1,0
排水管S型 存水弯 (带口),50,45,个,1.88,0,18,1,0
排水管S型 存水弯 (带口),75,27,个,3.38,0,12,1,0
排水管S型 存水弯 (带口),110,16,个,7.48,0,5,1,0
排水管伸缩节,75,60,个,1.56,0,0,1,0
排水管伸缩节,110,31,个,3.16,0,0,1,0
排水管伸缩节,160,8,个,7.14,0,0,1,0
排水管检查口,75,40,个,1.92,0,0,1,0
排水管检查口,110,52,个,3.89,0,0,1,0
排水管检查口,160,30,个,8,0,0,1,0
排水管（补芯）,75*50,229,个,0.48,0,0,1,0
排水管（补芯）,110*50,109,个,0.92,0,0,1,0
排水管（补芯）,110*75,81,个,0.96,0,0,1,0
排水管（补芯）,160*110,48,个,2.11,0,0,1,0
排水管（补芯）,200*110,21,个,3.41,0,0,1,0
排水管（补芯）,200*160,18,个,3.48,0,0,1,0
排水管异径三通,110*50,22,个,2.43,0,0,1,0
排水管异径三通,110*75,12,个,2.64,0,0,1,0
排水管异径三通,160*110,47,个,7.35,0,0,1,0
排水管异径三通,200*110,33,个,11.54,0,0,1,0
排水管异径三通,200*160,18,个,13.4,0,0,1,0
排水管90°弯头带检查口,50,130,个,0.82,0,0,1,0
排水管90°弯头带检查口,75,20,个,1.51,0,0,1,0
排水管90°弯头带检查口,110,179,个,2.63,0,0,1,0
排水管90°弯头带检查口,160,45,个,7.53,0,0,1,0
排水管-顺水三通,50,134,个,0.73,0,0,1,0
排水管-顺水三通,160,30,个,8.6,0,0,1,0
排水管-顺水三通,200,9,个,15.47,0,0,1,0
排水管45°弯头,50,124,个,0.43,0,0,1,0
排水管45°弯头,75,211,个,0.86,0,0,1,0
排水管45°弯头,110,441,个,1.57,0,0,1,0
排水管45°弯头,160,65,个,4.63,0,0,1,0
排水管45°弯头,200,4,个,7.97,0,0,1,0
排水管90°弯头,50,424,个,0.51,0,0,1,0
排水管90°弯头,75,88,个,1.19,0,0,1,0
排水管90°弯头,110,83,个,2.24,0,0,1,0
排水管90°弯头,160,68,个,6.78,0,0,1,0
排水管90°弯头,200,40,个,10.79,0,0,1,0
排水管直通,50,200,个,0.3,0,300,1,0
排水管直通,75,100,个,0.62,0,150,1,0
排水管直通,200,86,个,3.2,0,100,1,0
排水管(4米）,50*1.8mm,1,条,7.9,0,0,1,0
排水管(4米）,75*2.0mm,5,条,13.72,0,0,1,0
排水管(4米）,160*3.0mm,1,条,42.79,0,0,1,0
排水管(4米）,200*3.0mm,2,条,58.1,0,0,1,0
给水管-异径套（大小头）,25*20,8,个,0.17,0,36,1,0
给水管-异径套（大小头）,32*20,108,个,0.21,0,32,1,0
给水管-异径套（大小头）,32*25,14,个,0.24,0,32,1,0
给水管-异径套（大小头）,50*25,49,个,0.53,0,10,1,0
给水管-异径套（大小头）,50*32,35,个,0.56,0,10,1,0
给水管-异径套（大小头）,50*40,31,个,0.62,0,10,1,0
给水管-铜内丝异径弯头,25*20,120,个,0.73,0,24,1,0
给水管-铜内丝异径弯头,32*20,80,个,1.24,0,16,1,0
给水管-铜内丝异径弯头,32*25,60,个,1.76,0,12,1,0
给水管-铜内丝异径三通,25*20,40,个,0.82,0,32,1,0
给水管-铜内丝异径三通,32*20,5,个,1.27,0,12,1,0
给水管-铜内丝异径三通,32*25,20,个,2.13,0,12,1,0
给水管-铜内丝异径直通,25*20,120,个,0.69,0,24,1,0
给水管-铜内丝异径直通,32*20,100,个,1.14,0,20,1,0
给水管-铜内丝异径直通,32*25,60,个,1.6,0,12,1,0
给水管-铜内丝弯头,20,286,个,0.71,0,64,1,0
给水管-铜内丝弯头,25,164,个,1.19,0,34,1,0
给水管-铜内丝弯头,32,40,个,1.93,0,8,1,0
给水管-铜内丝三通,20,136,个,0.79,0,54,1,0
给水管-铜内丝三通,25,121,个,1.33,0,25,1,0
给水管-铜内丝三通,32,30,个,2.33,0,10,1,0
给水管-异径三通,25*20,27,个,0.3,0,40,1,0
给水管-异径三通,32*25,33,个,0.48,0,12,1,0
给水管-异径三通,40*20,50,个,0.63,0,10,1,0
给水管-异径三通,40*25,50,个,0.62,0,10,1,0
给水管-异径三通,40*32,50,个,0.81,0,10,1,0
给水管-异径三通,50*20,12,个,0.97,0,10,1,0
给水管-异径三通,50*32,3,个,1.06,0,10,1,0
给水管-内丝直通,20,15,个,0.17,0,90,1,0
给水管-内丝直通,25,17,个,0.28,0,32,1,0
给水管-内丝直通,32,147,个,0.35,0,35,1,0
给水管-内丝直通,40,35,个,0.53,0,8,1,0
给水管-内丝直通,50,21,个,0.72,0,8,1,0
给水管-外丝直通,20,207,个,0.15,0,64,1,0
给水管-外丝直通,25,132,个,0.22,0,40,1,0
给水管-外丝直通,32,83,个,0.35,0,22,1,0
给水管-外丝直通,40,17,个,0.52,0,6,1,0
给水管-外丝直通,50,299,个,0.73,0,68,1,0
给水管-管帽,20,40,个,0.08,0,42,1,0
给水管-管帽,25,129,个,0.13,0,30,1,0
给水管-管帽,32,19,个,0.18,0,16,1,0
给水管-45°弯头,20,970,个,0.13,0,200,1,0
给水管-45°弯头,25,460,个,0.22,0,128,1,0
给水管-45°弯头,32,328,个,0.31,0,70,1,0
给水管-45°弯头,50,96,个,0.08,0,22,1,0
给水管-三通,20,154,个,0.2,0,120,1,0
给水管-三通,25,582,个,0.33,0,120,1,0
给水管-三通,32,411,个,0.5,0,120,1,0
给水管-三通,40,408,个,0.88,0,82,1,0
给水管-三通,50,184,个,1.41,0,58,1,0
给水管-90°弯头,20,509,个,0.16,0,240,1,0
给水管-90°弯头,25,690,个,0.27,0,400,1,0
给水管-90°弯头,32,476,个,0.39,0,200,1,0
给水管-90°弯头,40,712,个,0.65,0,150,1,0
给水管-直通,20,1011,个,0.11,0,450,1,0
给水管-直通,40,13,个,0.41,0,24,1,0
给水管,20*1.8mm*1.6mpa,288,条,4,0,160,1,0
给水管,25*1.8mm*1.6mpa,6,条,5.53,0,120,1,0
给水管,32*2.4mm*1.6mpa,26,条,9.53,0,60,1,0
给水管,32*1.8mm*1.6mpa,194,条,7.27,0,80,1,0
给水管,40*2.0mm*1.0mpa,65,条,10.13,0,24,1,0
给水管,50*2.4mm*1.0mpa,1,条,14.3,0,20,1,0
给水管,50*3.7mm*1.6mpa,1,条,20.6,0,60,1,0
线管弹簧,25（6分）,12,个,4.8,0,3,1,0
线管弹簧,32（1寸）,5,个,10.28,0,2,1,0
过路盒,100*100*50,291,个,1.98,0,60,1,0
过路盒,100*100*80,291,个,2.28,0,60,1,0
过路盒,150*150*50,203,个,3.48,0,42,1,0
过路盒,150*150*80,143,个,3.84,0,36,1,0
过路盒,230*230*70,116,个,9.24,0,24,1,0
过路盒,230*230*100,120,个,9.48,0,24,1,0
杯梳,20杯梳,3500,个,0.1,0,400,1,0
杯梳,25杯梳,1986,个,0.18,0,400,1,0
杯梳,32杯梳,900,个,0.29,0,200,1,0
线管弯头（带盖）,20带盖弯头,215,个,0.21,0,120,1,0
线管弯头（带盖）,25带盖弯头,570,个,0.29,0,120,1,0
线管弯头,20弯头,1290,个,0.14,0,400,1,0
线管弯头,25弯头,1720,个,0.25,0,400,1,0
线管弯头,32弯头,1940,个,0.32,0,400,1,0
管码,25码仔,80,个,0.08,0,400,1,0
管码,32码仔,1550,个,0.11,0,400,1,0
线管三通（带盖）,25带盖三通,380,个,0.46,0,120,1,0
线管三通,20三通,1930,个,0.18,0,400,1,0
线管三通,25三通,1994,个,0.3,0,400,1,0
线管三通,32三通,2000,个,0.42,0,400,1,0
线管直通,20直通（4分）,210,个,0.05,0,400,1,0
线管直通,32直通（1寸）,1409,个,0.19,0,400,1,0
明装双槽线槽底盒174*86*34,174*86*34,140,个,1.11,0,60,1,0
暗装双槽线管底盒165*75*38,165*75*38,181,个,1.15,0,60,1,0
暗装线管底盒（活动耳）,77*38,80,个,0.5,0,100,1,0
暗装线管底盒（活动耳）,77*43,508,个,0.59,0,100,1,0
弧型地板槽,35*10（灰）,13,条,2.86,0,10,1,0
弧型地板槽,90*20（灰）,10,条,9.55,0,3,1,0
弧型地板槽,25*8（白）,82,条,1.85,0,20,0,0
弧型地板槽,48*14（白）,2,条,3.81,0,14,1,0
弧型地板槽,90*20（白）,84,条,9.26,0,16,1,0
工业线槽,60*40*1.4mm*2.4M,60,条,7.1,0,5,1,0
工业线槽,100*40*1.6mm*2.4M,3,条,11.76,0,6,1,0
线槽,6分（39*19*2.4M）,268,条,2.26,0,60,1,0
线槽,8分（59*22*2.4M）,111,条,3.64,0,30,1,0
线槽,1寸（100*27*2.4M）,63,条,6.69,0,10,1,0
线管（2.3米）,4分厚管（20*0.8mm*2.4M）,5,条,0.89,0,200,1,0
线管（2.3米）,4分加厚管（20*1.1mm*2.4M）,40,条,1.21,0,200,1,0
线管（2.3米）,6分厚管（25*1.2mm*2.4M）,148,条,1.69,0,200,1,0
线管（2.3米）,1寸厚管（32*1.4mm*2.4M）,99,条,2.48,0,120,1,0
RVS-2*2.5（77）,红黄,2,卷,157,0,0,1,0
RVS-2*2.5（77）,蓝红,1,卷,155.34,0,0,1,0
BVR电线-黑色,BVR 4m2电线-黑,2,扎,243.06,0,0,1,0
BVR电线-黑色,BVR 6m2电线-黑,11,扎,333.38,0,0,1,0
BVR电线-黄色,BVR 4m2电线-黄,6,扎,256.67,0,0,1,0
BVR电线-绿色,BVR 2.5m2电线-绿,3,扎,158.38,0,0,1,0
BVR电线-绿色,BVR 4m2电线-绿,6,扎,256.67,0,0,1,0
BVR电线-地线（双色）,BVR 2.5m2电线-地,2,扎,179.25,0,0,1,0
BVR电线-蓝色,BVR 2.5m2电线-蓝,3,扎,178.8,0,0,1,0
BVR电线-蓝色,BVR 4m2电线-蓝,14,扎,256.42,0,0,1,0
BVR电线-蓝色,BVR 6m2电线-蓝,8,扎,399.13,0,0,1,0
BV电线-地线（双色）,BV 6m2电线-地,3,扎,302,0,0,1,0
BV电线-黑色,BV 1.5m2电线-黑,4,扎,75,0,0,1,0
BV电线-黑色,BV 2.5m2电线-黑,7,扎,126,0,0,1,0
BV电线-黑色,BV 4m2电线-黑,4,扎,202,0,0,1,0
BV电线-绿色,BV 1.5m2电线-绿,5,扎,75,0,0,1,0
BV电线-绿色,BV 2.5m2电线-绿,5,扎,126,0,0,1,0
BV电线-绿色,BV 4m2电线-绿,6,扎,202,0,0,1,0
BV电线-绿色,BV 6m2电线-绿,6,扎,304,0,0,1,0
BV电线-蓝色,BV 6m2电线-蓝,4,扎,304.34,0,0,1,0
BV电线-黄色,BV 1.5m2电线-黄,3,扎,75,0,0,1,0
BV电线-黄色,BV 2.5m2电线-黄,6,扎,126,0,0,1,0
BV电线-黄色,BV 4m2电线-黄,4,扎,202,0,0,1,0
BV电线-黄色,BV 6m2电线-黄,8,扎,303.56,0,0,1,0
RVV焊线,RVV-35m2焊把线,72,米,16.66,0,0,1,0
RVV焊线,RVV-50m2焊把线,180,米,23.7,0,0,1,0
BVR电线-红色,BVR 4m2电线-红,11,扎,258.37,0,0,1,0
BVR电线-红色,BVR 16m2电线-红,1,扎,1037.34,0,0,1,0
BV电线-红色,BV 1.5m2电线-红,4,扎,75,0,0,1,0
BV电线-红色,BV 2.5m2电线-红,4,扎,126,0,0,1,0
BV电线-红色,BV 4m2电线-红,5,扎,207.29,0,0,1,0
BV电线-红色,BV 6m2电线-红,4,扎,322.87,0,0,1,0
RVV电缆线,RVV 3*2.5电缆线,1,扎,503.61,0,0,1,0
RVV电缆线,RVV 3*4电缆线,6,扎,683,0,0,1,0
RVV电缆线,RVV 3*6电缆线,1,扎,1023,0,0,1,0
RVV电缆线,RVV 3*4+1*2.5电缆线,4,扎,847.5,0,0,1,0
RVV电缆线,RVV 3*6+1*4电缆线,4,扎,1004,0,0,1,0
RVV电缆线,RVV 3*4+2*2.5电缆线,2,扎,959,0,0,1,0
RVV电缆线,RVV 3*6+2*4电缆线,1,扎,1537.5,0,0,1,0
RVV电缆线,RVV 3*2.5+2*1.5电缆线,1,扎,543,0,0,1,0
单面伸缩铝梯（载重150kg）,3.2米,3,台,192,0,2,1,0
单面伸缩铝梯（载重150kg）,5米,2,台,325,0,2,1,0
加厚铆钉铝梯（载重120kg),10级(2.5米),12,台,160,0,4,1,0
加厚铆钉铝梯（载重120kg),12级(3米),14,台,192,0,4,1,0
加厚铆钉铝梯（载重120kg),14级(3.5米),5,台,252,0,2,1,0
加厚铆钉铝梯（载重120kg),16级(4米),6,台,320,0,2,1,0
铆钉铝梯（载重85kg）,10级(2.5米),15,台,140,0,4,1,0
铆钉铝梯（载重85kg）,12级(3米),15,台,168,0,4,1,0
PE开边抢修接,63,45,个,47.1,0,0,1,0
PE开边抢修接,75,63,个,53.32,0,0,1,0
PE开边抢修接,90,40,个,55.99,0,0,1,0
PE开边抢修接,110,31,个,63.45,0,0,1,0
PE开边抢修接,160,39,个,121.31,0,0,1,0
PE开边抢修接,200,9,个,179.17,0,0,1,0
导向膜,,10,张,6,0,0,0,0
优孚应急灯-双向,,22,个,15,0,0,1,0
消防救援窗口（三角）,三角,45,套,1.2,0,0,1,0
S5水泵接合器,,199,套,1.2,0,0,1,0
消防箱1000*700*240（铝门）,1000*700*240（铝门）,1,个,125,0,5,1,0
无.,无,126,份,0,0,0,0,0
无,无,195,份,11,0,0,0,0
工业防水插座（明装）,3*32A（明装）,108,个,4.18,0,20,1,0
工业防水插座（明装）,4*16A（明装）,100,个,3.77,0,20,1,0
工业防水插座（明装）,4*32A（明装）,45,个,4.67,0,20,1,0
工业防水插座（明装）,4*63A(明装）,34,个,17.6,0,10,1,0
工业防水插座（明装）,5*16A（明装）,76,个,4.2,0,20,1,0
工业防水插座（明装）,5*32A（明装）,86,个,5.67,0,20,1,0
工业防水插座（明装）,5*63A(明装),106,个,28.12,0,20,1,0
工业防水插座（活动）,3*16A（活动）,74,个,2.46,0,20,1,0
工业防水插座（活动）,3*32A（活动）,109,个,3.33,0,20,1,0
工业防水插座（活动）,4*16A（活动）,66,个,2.96,0,20,1,0
工业防水插座（活动）,4*32A（活动）,23,个,4,0,20,1,0
工业防水插座（活动）,5*16A（活动）,70,个,3.3,0,20,1,0
工业防水插座（活动）,5*32A（活动）,68,个,4.7,0,20,1,0
工业防水插头,3*16A（20个/盒）,223,个,1.72,0,400,1,0
工业防水插头,3*32A（10个/盒）,271,个,3.38,0,80,1,0
工业防水插头,3*63A（2个/盒）,124,个,15.59,0,10,1,0
工业防水插头,4*16A（10个/盒）,32,个,2.45,0,20,1,0
工业防水插头,4*32A（10个/盒）,15,个,3.98,0,100,1,0
工业防水插头,4*63A（2个/盒）,93,个,17.6,0,6,1,0
工业防水插头,5*16A（10个/盒）,72,个,3.06,0,20,1,0
工业防水插头,5*32A（10个/盒）,68,个,4.58,0,20,1,0
工业防水插头,5*63A（2个/盒）,40,个,20.11,0,20,1,0
工业防水插头,5*125A（2个/盒）,1,个,73,0,3,1,0
倒车杆底座,左,75,个,7.2,0,0,1,0
倒车杆底座,右,100,个,7.16,0,0,1,0
倒车杆底座,中间,56,个,7.08,0,0,1,0
智慧燃气报警器,,1,个,14.08,0,0,1,0
敏华-应急灯（新国标）5个/盒,,2,个,13.1,0,100,1,0
三江930烟感器,,4,套,28,0,0,1,0
三相四线电子式预付费电能表（DTSY6066）,DTSY6066-10-100A(国网)（插卡）,2,个,110.5,0,1,1,0
三相四线电子式预付费电能表DTSY6066(蓝牙),DTSY6066(蓝牙)-10-100A(房电通）（微信、支付宝扫码）,14,个,110.5,0,4,1,0
三相四线导轨式计量表（DTS6066-X）,（DTS6066-X）-1.5-6A,2,个,48.6,0,1,1,0
三相四线导轨式计量表（DTS6066-X）,（DTS6066-X）-10-100A,11,个,48.6,0,3,1,0
下爆螺丝.,10*100,3562,个,0.34,0,600,1,0
路锥套,3.5kg路锥套,16,个,3,0,0,0,0
模数化导轨插座,AC30-10A 三孔,167,个,2.33,0,48,1,0
模数化导轨插座,AC30-10A 五孔,25,个,3.04,0,48,1,0
模数化导轨插座,AC30-25A 三相四线,180,个,4.36,0,36,1,0
RM20LE透明漏电-三相四线,RM20LE-160A,10,个,65.34,0,5,1,0
RM20LE透明漏电-三相四线,RM20LE-250A,8,个,88,0,5,1,0
RM20LE透明漏电-三相四线,RM20LE-400A,8,个,220.8,0,2,1,0
隔离开关-HR-6系列B级,HR6-100A,11,个,32.22,0,5,1,0
隔离开关-HR-6系列B级,HR6-160A,2,个,29.3,0,5,1,0
隔离开关-HR-6系列B级,HR6-200A,24,个,61.8,0,5,1,0
隔离开关-HR-6系列B级,HR6-250A,19,个,61.8,0,5,1,0
隔离开关-HR-6系列B级,HR6-400A,8,个,109.4,0,3,1,0
交流接触器CJX2-银点,NXC-1210-9.6A-220V (CJX2),10,个,13.32,0,4,1,0
交流接触器CJX2-银点,NXC-2510-20A-220V(CJX2),51,个,25.74,0,4,1,0
交流接触器CJX2-银点,NXC-4011-32A-220V(CJX2),19,个,58.75,0,4,1,0
RM5LE透明漏电,RM5LE-100-2901（两相）,24,个,22.2,0,10,1,0
RM5LE透明漏电,RM5LE-100-3901（三相三线）,35,个,28.5,0,8,1,0
RM5LE透明漏电,RM5LE-100-4901（三相四线）,2,个,28.61,0,5,1,0
RM1断路器(空开）(RM1)-4P,RM1-4P-125A/4300,10,个,69.8,0,3,1,0
RM1断路器(空开）(RM1)-4P,RM1-4P-160A/4300,6,个,106.3,0,2,1,0
RM1断路器(空开）(RM1)-4P,RM1-4P-250A/4300,7,个,106.3,0,2,1,0
RM1断路器(空开）(RM1)-3P,RM1-3P-125A/3300,10,个,35.5,0,4,1,0
RM1断路器(空开）(RM1)-3P,RM1-3P-160A/3300,9,个,63.25,0,3,1,0
RM1断路器(空开）(RM1)-3P,RM1-3P-250A/3300,3,个,56.7,0,3,1,0
RM5透明空开,(RM5)-2P -100A/290,22,个,18.16,0,7,1,0
RM5透明空开,(RM5)-3P -100A/390,31,个,21.17,0,10,1,0
透明-小型空气开关RMB1-63-3P,（RMB1）32A 3P,127,个,8.5,0,36,1,0
透明-小型空气开关RMB1-63-3P,（RMB1）63A 3P,102,个,8.89,0,36,1,0
透明-小型空气开关RMB1-63-2P,（RMB1）32A 2P,16,个,6.21,0,36,1,0
透明-小型空气开关RMB1-63-2P,（RMB1）63A 2P,26,个,5.87,0,36,1,0
透明-小型空气开关RMB1-63-1P,（RMB1）16A 1P,174,个,2.7,0,36,1,0
透明-小型空气开关RMB1-63-1P,（RMB1）32A 1P,156,个,2.9,0,36,1,0
透明-小型空气开关RMB1-63-1P,（RMB1）63A 1P,166,个,3,0,36,1,0
透明-小型漏电开关RMB1LE-3P+N,32A 3P+N 15MA 0.1S,169,个,16.53,0,18,1,0
透明-小型漏电开关RMB1LE-3P+N,63A 3P+N 15MA 0.1S,175,个,17.25,0,18,1,0
透明-小型漏电开关RMB1LE-3P+N,32A 3P+N 30MA 0.1S,192,个,16.2,0,45,1,0
透明-小型漏电开关RMB1LE-3P+N,63A 3P+N 30MA 0.1S,168,个,16.2,0,45,1,0
透明-小型漏电开关RMB1LE-2P+N,63A 2P+N 15MA 0.1S,99,个,11.1,0,30,1,0
透明-小型漏电开关RMB1LE-2P+N,32A 2P+N 30MA 0.1S,180,个,11.66,0,45,1,0
透明-小型漏电开关RMB1LE-2P+N,63A 2P+N 30MA 0.1S,180,个,11.1,0,45,1,0
透明-小型漏电开关RMB1LE-1P+N,32A 1P+N 15MA  0.1S,23,个,8.96,0,21,1,0
透明-小型漏电开关RMB1LE-1P+N,63A 1P+N 15MA  0.1S,99,个,8.98,0,21,1,0
透明-小型漏电开关RMB1LE-1P+N,32A 1P+N 30MA 0.1S,172,个,9.01,0,42,1,0
透明-小型漏电开关RMB1LE-1P+N,63A 1P+N 30MA 0.1S,206,个,9.01,0,42,1,0
三相四线导轨式计量表DTSU6066(蓝牙),DTSU6066(蓝牙)-10-100A(房电通)(微信、支付宝扫码),1,个,131.05,0,1,1,0
三相四线导轨式计量表(DTS6066-4P),(DTS6066-4P)-1.5-6A,3,个,53.6,0,2,1,0
三相四线导轨式计量表(DTS6066-4P),(DTS6066-4P)-10-100A,2,个,53.6,0,3,1,0
三相四线电子式电能表（DTS6066）,DTS6066-1.5-6A(变压器)(1级精度带变压),16,个,71,0,4,1,0
三相四线电子式电能表（DTS6066）,DTS6066-20-100A(变压器)(1级精度带变压),11,个,71,0,4,1,0
三相分体电表（DTS6066）透明,DTS6066­-1.5-6A(透明)能检测,15,个,45.6,0,4,1,0
三相分体电表（DTS6066）透明,DTS6066­-20-100A(透明)能检测,14,个,45.94,0,4,1,0
三相连体电表（DTS6066）新白壳,DTS6066-1.5-6A(新白壳),15,个,30.4,0,4,1,0
三相连体电表（DTS6066）新白壳,DTS6066-20-100A(新白壳),10,个,32.31,0,4,1,0
单相电子式预付费电能表（DDSY6066）,DDSY6066-5-60A(国网)（插卡）,2,个,38.5,0,1,1,0
单相导轨式电能表（DDS6066-2P（蓝牙））,（DDS6066-2P）-5-60A (蓝牙)(微信、支付宝扫码),5,个,35.5,0,4,1,0
单相导轨式电能表(DDS6066-2P),(DDS6066-2P)-5-60A   (X),4,个,11.64,0,4,1,0
单相国网型蓝牙扫码表DDSY6066（蓝牙）,DDSY6066（蓝牙）-5-（60）A(微信、支付宝扫码),17,个,30.4,0,4,1,0
单相电子式电能表（DDS6066）,DDS6066-5-20A(国网),99,个,18.53,0,6,1,0
单相电子式电能表（DDS6066）,DDS6066-10-40A(国网),105,个,18.51,0,6,1,0
单相电子式电能表（DDS6066）,DDS6066-15-60A(国网),21,个,21.3,0,6,1,0
单相电子式电能表（DDS6066-1）,（DDS6066-1）-5-20A(透明),34,个,12.2,0,6,1,0
单相电子式电能表（DDS6066-1）,（DDS6066-1）-10-40A（透明）,45,个,12.25,0,6,1,0
单相电子式电能表（DDS6066-1）,（DDS6066-1）-15-60A(透明),44,个,16.25,0,24,1,0
单相电子式电能表（DDS6066-2）,（DDS6066-2）-5-20A(哈表）,2,个,9.6,0,6,1,0
单相电子式电能表（DDS6066-2）,（DDS6066-2）-10-40A(哈表）,12,个,9.1,0,6,1,0
30铁马（工厂）,,4,个,13.6,0,0,0,0
拳牛插头,二扁插头 10A(旋转),720,个,0.79,0,280,1,0
拳牛插头,三扁插头 16A,885,个,1.32,0,234,1,0
拳牛插头,TAT-10T3-10A三扁插头.,374,个,1.29,0,200,1,0
PVC胶牌三角形120*120当心触电,,345,张,0.35,0,0,1,0
诺慧安面具,,1,个,9.5,0,400,0,0
3米线排插,TAT-141-12孔排插(5*2位+2*1位),58,个,11.76,0,22,1,0
3米线排插,TAT-142-14孔排插(5*2位+2*2位),81,个,12.47,0,30,1,0
3米线排插,TAT-146-21孔排插(5*3位+2*3位),81,个,15.32,0,24,1,0
3米线排插,TAT-147-28孔排插(5*4位+2*4位),42,个,17.81,0,21,1,0
3米线排插,TAT-314-15孔排插(5*3位分控),106,个,17.81,0,27,1,0
3米线排插,TAT-315-20孔排插(5*4位分控),91,个,19.95,0,24,1,0
3米线排插,TAT-316-25孔排插(5*5位分控),24,个,22.8,0,21,1,0
3米线排插,USB-TAT9803-14孔排插(5*2位+2*1位+USB*2位),68,个,18.53,0,16,1,0
3米线排插,USB-TAT9813-18孔排插(5*3位+2+USB*3位分控),68,个,27.08,0,14,1,0
无线排插,TAT-8813-15孔(5*3位分控),69,个,9.69,0,17,1,0
无线排插,TAT-8814-25孔(5*4位分控),13,个,11.63,0,13,1,0
无线排插,TAT-146-21孔排插(5*3位+2*3位),326,个,7.83,0,17,1,0
无线排插,TAT-147-28孔排插(5*4位+2*4位),42,个,9.04,0,12,1,0
转换多功能插,3312-10孔,254,个,5.04,0,54,1,0
转换多功能插,3313-15孔,166,个,6.46,0,36,1,0
地拖插座插头,TAT-3302地拖插座,199,个,5.84,0,20,1,0
塔型多功能排插,USB-5533,10,个,32.3,0,6,1,0
蚊灯,330*240*4W(适用20m2),1,个,24.55,0,0,1,0
蚊灯,400*240*6W(适用30m2),25,个,29.51,0,4,1,0
蚊灯,520*240*8W(适用40m2),39,个,33.9,0,4,1,0
蚊灯,660*240*10W(适用50m2),36,个,38.47,0,3,1,0
1.8米线排插,TAT-141-12孔排插(5*2位+2*1位),78,个,9.26,0,24,1,0
1.8米线排插,TAT-142-14孔排插(5*2位+2*2位),153,个,9.98,0,36,1,0
1.8米线排插,TAT-146-21孔排插(5*3位+2*3位),122,个,12.11,0,27,1,0
1.8米线排插,TAT-147-28孔排插(5*4位+2*4位),84,个,14.96,0,21,1,0
1.8米线排插,TAT-314-15孔排插(5*3位分控),143,个,15.68,0,30,1,0
1.8米线排插,TAT-315-20孔排插(5*4位分控),55,个,17.81,0,16,1,0
1.8米线排插,TAT-316-25孔排插(5*5位分控),9,个,19.95,0,7,1,0
1.8米线排插,USB-TAT9803-14孔排插(5*2位+2*1位+USB*2位),43,个,16.74,0,9,1,0
PVC胶牌三角形120*120有电危险,,361,张,0.5,0,0,1,0
双辉水带8-65-25,8-65-25,406,条,43.37,0,200,1,0
活动底座,2.5寸,437,个,7.8,0,100,1,0
活动底座,3寸,205,个,8.11,0,100,1,0
活动底座,4寸,97,个,15,0,100,1,0
泥浆比重计三件套,,11,套,142.15,0,2,1,0
山东中回-混凝土机械回弹仪(AC3-A),,10,套,292.18,0,1,1,0
单联-抗压试件模ABS150*150,,45,个,9.68,0,10,1,0
防火泥,20KG（10包/箱）,3340,KG,1.29,0,1000,1,0
编织袋,,1000,个,0.35,0,0,0,0
1200*900消防工具柜,1200*900,5,个,270,0,1,1,0
迈恩36V四位USB,,49,只,5.82,0,12,1,0
迈恩220V  USB,220V二位USB,9,只,4.1,0,6,1,0
迈恩220V  USB,220V四位USB,184,只,5.63,0,30,1,0
迈恩五孔USB插座,,112,只,5.82,0,36,1,0
迈恩白板,,168,只,1.06,0,20,1,0
迈恩电话+电脑,,16,只,2.65,0,8,1,0
迈恩双电脑,,71,只,2.75,0,20,1,0
迈恩单电脑,,173,只,2.06,0,40,1,0
迈恩五孔插座,,616,只,1.85,0,200,1,0
迈恩三孔插座,16A,189,只,1.86,0,60,1,0
带二三插USB充电插座,,10,只,29.12,0,2,1,0
摩托车锁,小-602,20,个,4.43,0,10,1,0
摩托车锁,大-629,18,个,9.27,0,10,1,0
铁色门锁牌,6寸,158,套,1.75,0,20,1,0
铁色门锁牌,8寸,118,套,2.83,0,20,1,0
铁色门锁牌,10寸,179,套,4.49,0,20,1,0
铁色门锁牌,12寸,24,套,5.97,0,20,1,0
不锈钢门锁牌,4寸,201,个,2.09,0,20,1,0
不锈钢门锁牌,6寸,107,个,3.37,0,20,1,0
不锈钢门锁牌,10寸,250,个,5.27,0,20,1,0
不锈钢锁扣,75,98,个,2.29,0,20,1,0
不锈钢锁扣,100,111,个,2.5,0,20,1,0
不锈钢锁扣,125,104,个,2.78,0,20,1,0
不锈钢合叶,2.5寸,310,付,0.52,0,20,1,0
不锈钢合叶,3寸,218,付,0.65,0,20,1,0
不锈钢合叶,4寸,324,付,1.65,0,20,1,0
铁皮门插销,75,170,个,0.28,0,20,1,0
铁皮门插销,100,140,个,0.33,0,20,1,0
铁皮门插销,125,190,个,0.39,0,20,1,0
卷闸门锁,,123,个,5.17,0,20,1,0
球锁,,194,个,7.23,0,60,1,0
多功能门锁,,60,个,13.95,0,10,1,0
防火门锁,,23,个,14.43,0,10,1,0
防盗门锁芯,65mm,8,个,7.93,0,6,1,0
防盗门锁芯,70mm,22,个,8.35,0,6,1,0
防盗门锁芯,75mm,13,个,8.91,0,6,1,0
防盗门锁芯,80mm,15,个,9.17,0,6,1,0
防盗门锁芯,85mm,14,个,9.58,0,6,1,0
防盗门锁芯,90mm,14,个,9.99,0,6,1,0
防盗门锁芯,95mm,15,个,10.4,0,6,1,0
防盗门锁芯,100mm,14,个,10.82,0,6,1,0
长球形锁舌,60,33,个,1.02,0,10,1,0
长球形锁舌,70,50,个,1,0,10,1,0
衡威300月牙锁（防盗锁）,左开口,130,个,15.97,0,60,1,0
衡威300月牙锁（防盗锁）,右开口,99,个,15.97,0,22,1,0
玻璃门锁,42公分玻璃门锁823,92,个,11.41,0,6,1,0
玻璃门锁,35公分玻璃门锁625,134,个,10.05,0,6,1,0
仿铜挂锁,25,720,个,1.08,0,20,1,0
仿铜挂锁,32,259,个,1.51,0,20,1,0
仿铜挂锁,38,17,个,1.81,0,40,1,0
仿铜挂锁,50,16,个,2.78,0,40,1,0
仿铜挂锁,63,60,个,4.53,0,20,1,0
仿铜挂锁,75,50,个,7.21,0,20,1,0
铁链锁,60mm,140,个,3.91,0,10,1,0
铁链锁,100mm,224,个,4.89,0,10,1,0
铁链锁,130mm,201,个,5.5,0,10,1,0
铁锁,25,60,个,1.09,0,20,1,0
铁锁,32,20,个,1.66,0,20,1,0
铁锁,38,130,个,2.01,0,60,1,0
铁锁,50,100,个,3.09,0,60,1,0
铁锁,63,60,个,5.15,0,20,1,0
防不锈钢挂锁,30,60,个,2.41,0,40,1,0
防不锈钢挂锁,40,155,个,3.5,0,60,1,0
防不锈钢挂锁,50,222,个,4.56,0,60,1,0
防不锈钢挂锁,60,44,个,5.46,0,20,1,0
新灭火器检查卡,新灭火器检查卡,12715,张,0.05,0,500,1,0
唐安2KG手提干粉灭火器,2KG,51,支,27.02,0,0,1,0
口哨,,283,个,0.5,0,50,1,0
泰和安烟感器,,6,个,18,0,0,1,0
光世界应急灯-安全出口,光世界应急灯安全出口,3,个,33,0,0,0,0
光世界应急灯-安全出口,光世界应急灯安全出口右向,84,个,33,0,0,1,0
光世界应急灯-安全出口,光世界应急灯安全出口左向,37,个,33,0,0,1,0
光世界应急灯-安全出口,光世界应急灯安全出口双向,24,个,33,0,0,1,0
优孚指示牌-单面,优孚指示牌-单面（安全出口）双向,82,块,9,0,0,1,0
优孚指示牌-单面,优孚指示牌-单面（安全出口）,27,块,9,0,0,1,0
优孚指示牌-单面,优孚指示牌-单面（安全出口）左向,1,块,9,0,0,1,0
优孚指示牌-双面,优孚-指示牌双面（安全出口）-双向,63,台,9,0,0,1,0
优孚指示牌-双面,优孚-指示牌双面（安全出口）单向,2,台,9,0,0,1,0
优孚指示牌-双面,优孚-指示牌双面（安全出口）,132,台,9,0,0,1,0
灭火器箱4KG*2（加厚）,4KG*2,57,个,17.5,0,200,1,0
消防水枪 DN65（华匠）,DN65,102,支,11.37,0,100,1,0
灭火器箱4KG*2（因商品特殊性，售前请与业务员确认需求，售出后不退换）,4KG*2,306,个,10.5,0,200,1,0
7+1（4个3C全箱高配）-有需要联系业务下单,手电筒，消防锤，燃气报警气，烟感器，口哨，凯酷奇面具，灭火器全箱，4公斤手提灭火器,1,套,68.62,0,0,1,0
分体圆锥,,184,个,10.3,0,20,1,0
3公斤圆锥（700高）新料TPU,700*350,70,个,10.8,0,20,1,0
3.5公斤方锥（新料）,红白方锥,183,个,12.99,0,0,1,0
2公斤方锥,红白方锥,54,套,6,0,20,0,0
道口柱·防撞柱（活动带环）,2.5寸*760（活动带环）,93,条,23.94,0,0,1,0
道口柱·防撞柱（固定带环）,2.5寸*750（固定带环）,72,条,16,0,0,1,0
路锥杆-2米伸缩,2米伸缩,1932,条,3,0,200,1,0
基坑护栏网坑,基坑护栏网坑（一套一块面板+一支立柱）,3,套,50.71,0,0,1,0
基坑护栏网坑,网坑单面板（不含立柱）,151,套,37.58,0,0,1,0
敏华安全指示牌-暗装,敏华预埋式指示牌安全出口,33,块,22,0,10,1,0
敏华安全指示牌-暗装,敏华预埋式指示牌双向,34,块,22,0,10,1,0
敏华安全指示牌-暗装,敏华预埋式指示牌向左,3,块,22,0,10,1,0
敏华安全指示牌-双面,敏华安全指示牌（双面）双向,39,块,9.66,0,10,1,0
敏华安全指示牌-双面,敏华安全指示牌（双面）安全出口,55,块,9.59,0,10,1,0
敏华安全指示牌-双面,敏华安全指示牌（双面）单向,64,块,9.67,0,10,1,0
敏华安全指示牌-单面,敏华安全指示牌-（单面）安全出口,133,块,10.19,0,60,1,0
敏华安全指示牌-单面,敏华安全指示牌（单面）左向,192,块,10,0,60,1,0
敏华安全指示牌-单面,敏华安全指示牌（单面）右向,170,块,10.18,0,60,1,0
敏华安全指示牌-单面,敏华安全指示牌（单面）双向,7,块,8.68,0,60,1,0
赛安达预埋式安全指示牌,赛安达预埋式安全指示牌（向右）,19,块,19.5,0,20,1,0
赛安达预埋式安全指示牌,赛安达预埋式安全指示牌（安全出口）,66,块,19.5,0,20,1,0
赛安达预埋式安全指示牌,赛安达预埋式安全指示牌（双向）,22,块,19.5,0,20,1,0
桂安指示牌双面,桂安指示牌（双面）双向,6,块,45,0,0,1,0
桂安指示牌双面,桂安双面安全出口,3,块,32,0,0,1,0
桂安指示牌-单面,桂安指示牌（单面）安全出口,1,块,28.33,0,0,1,0
桂安指示牌-单面,桂安指示牌（单面）向左,3,块,28.33,0,0,1,0
桂安指示牌-单面,桂安指示牌（单面）向右,9,块,28.46,0,0,1,0
桂安指示牌-单面,桂安指示牌（单面）双向,14,块,30,0,0,1,0
普洛德指示牌-单面,普洛德指示牌-单面（安全出口）,43,块,6.75,0,40,1,0
普洛德指示牌-单面,普洛德指示牌-单面（安全出口）向左,10,块,6.88,0,40,1,0
普洛德指示牌-单面,普洛德指示牌-单面（安全出口）双向,52,块,7.5,0,40,1,0
普洛德应急灯-安全出口,普洛德应急灯(向右),59,套,9.15,0,50,1,0
普洛德应急灯-安全出口,普洛德应急灯(向左),15,套,9.14,0,0,1,0
普洛德应急灯-安全出口,普洛德应急灯双向,43,套,9.1,0,30,1,0
普洛德应急灯-安全出口,普洛德应急灯(安全出口),2,套,9.1,0,50,1,0
PVC自发光150*100,有电危险,500,张,0.5,0,80,1,0
PVC自发光150*100,当心夹手,923,张,0.55,0,100,1,0
PVC自发光150*100,当心中毒,980,张,0.55,0,100,1,0
PVC自发光150*100,严禁烟火,923,张,0.55,0,100,1,0
PVC自发光150*100,当心触电,157,张,0.56,0,100,1,0
PVC自发光150*100,当心碰头,997,张,0.55,0,100,1,0
PVC自发光150*100,当心火灾,691,张,0.55,0,100,1,0
PVC自发光150*100,当心伤手,334,张,0.55,0,200,1,0
PVC自发光150*100,当心高温,827,张,0.55,0,100,1,0
PVC自发光150*100,易燃易爆,885,张,0.55,0,100,1,0
PVC自发光150*100,防火卷帘按钮,341,张,0.55,0,50,1,0
PVC自发光150*100,当心烫伤,459,张,0.55,0,80,1,0
PVC自发光150*100,注意安全,645,张,0.55,0,200,1,0
PVC自发光150*100,手动报警,470,张,0.55,0,80,1,0
PVC自发光150*100,当心机械伤人,27,张,0.55,0,40,1,0
PVC自发光150*100,消防警铃,20,张,0.55,0,6,1,0
PVC自发光150*100,禁止吸烟,252,张,0.55,0,100,1,0
PVC自发光150*100,当心爆炸,151,张,0.55,0,30,1,0
PVC80*60,高温注意（横）,462,套,0.45,0,0,1,0
PVC80*60,注意高温（横）,410,套,0.45,0,0,1,0
PVC80*60,当心自动启动,777,套,0.45,0,0,1,0
PVC80*60,非专业人员请勿打开,288,套,0.45,0,0,1,0
PVC80*60,当心高温表面,994,套,0.45,0,0,1,0
PVC80*60,有电注意,413,套,0.45,0,0,1,0
PVC80*60,当心伤手,1438,套,0.45,0,0,1,0
PVC80*60,小心烫手,440,套,0.45,0,0,1,0
PVC80*60,高压注意,482,套,0.45,0,0,1,0
PVC80*60,非专业人员请勿操作,798,套,0.45,0,0,1,0
PVC80*60,注意安全（横）,511,套,0.45,0,0,1,0
PVC80*60,注意安全（直）,1217,套,0.45,0,0,1,0
PVC80*60,注意静电,700,套,0.45,0,0,1,0
PVC80*60,小心伤手,432,套,0.45,0,0,1,0
PVC80*60,未经许可禁止操作,614,套,0.45,0,0,1,0
PVC80*60,注意高温（直）,1225,套,0.45,0,0,1,0
PVC80*60,当心机械伤人（横）,499,套,0.45,0,0,1,0
PVC80*60,当心腐蚀,564,套,0.45,0,0,1,0
PVC80*60,当心夹手,1607,套,0.45,0,0,1,0
PVC80*60,当心机械伤人（直）,1330,套,0.45,0,0,1,0
泡沫牌,向左,69,套,1.18,0,80,1,0
泡沫牌,向右,142,套,1.18,0,60,1,0
泡沫牌,双向,360,套,1.2,0,80,1,0
泡沫牌,仓库重地闲人免进,359,套,1.2,0,70,1,0
泡沫牌,当心触电,444,套,1.2,0,60,1,0
泡沫牌,洗手间,153,套,1.2,0,30,1,0
泡沫牌,严禁烟火,98,套,1.2,0,20,1,0
泡沫牌,消防设备严禁挪用,55,套,1.2,0,10,1,0
泡沫牌,楼层,176,套,1.2,0,30,1,0
泡沫牌,方灭火器,160,套,1.2,0,30,1,0
泡沫牌,火警119,456,套,1.2,0,80,1,0
泡沫牌,消防栓,260,套,1.2,0,50,1,0
泡沫牌,消火栓,196,套,1.2,0,40,1,0
泡沫牌,安全楼梯右,116,套,1.2,0,20,1,0
泡沫牌,长灭火器,12,套,1.2,0,2,1,0
泡沫牌,男洗手间,365,套,1.2,0,70,1,0
泡沫牌,女洗手间,195,套,1.2,0,40,1,0
泡沫牌,安全楼梯左,120,套,1.2,0,0,1,0
泡沫牌,禁止吸烟,240,套,1.2,0,0,1,0
泡沫牌,当心机械伤人,250,套,1.2,0,0,1,0
泡沫牌,有电危险,214,套,1.2,0,0,1,0
泡沫牌,安全出口,94,套,1.2,0,0,1,0
水马围挡1800*950,1800*950(4.5KG),89,个,33.78,0,0,1,0
道口柱·防撞柱（活动）,2.5寸*600（活动）,284,条,19.99,0,0,1,0
道口柱·防撞柱（活动）,2.5寸*760（活动）,47,条,21.84,0,0,1,0
道口柱·防撞柱（活动）,3.0寸*750（活动）,54,条,25.81,0,0,1,0
道口柱·防撞柱（活动）,4.0寸*1000（活动）,87,条,41.02,0,0,1,0
防撞桶,大防撞桶800×600,3,个,44,0,50,1,0
防撞桶,小防撞桶700×400,41,个,32.84,0,0,1,0
胶马护栏（小）,1400*1000（5.5KG）红,46,套,29.65,0,0,1,0
胶马护栏（小）,1400*1000（5.5KG）黑,7,套,29.93,0,0,1,0
胶马护栏（小）,胶护栏面板（红）1400*1000,126,套,20.55,0,0,1,0
灭火器使用方法,320*171红色5图,21,张,1.2,0,0,1,0
灭火器使用说明,自发光320*170绿色,30,套,1.5,0,0,1,0
消火栓使用方法,自发光300*400绿色,109,套,2.5,0,0,1,0
消火栓使用方法,300*400全面消防6图,184,套,2.8,0,0,1,0
消火栓使用方法,500*650,192,套,6,0,0,1,0
消火栓使用方法,320*171红色5图,194,套,1.2,0,0,1,0
铁牌（500*400）,噪音有害,180,张,2.7,0,0,1,0
铁牌（500*400）,当心有毒,173,张,2.7,0,0,1,0
铁牌（500*400）,当心坠落,110,张,2.7,0,0,1,0
铁牌（500*400）,当心夹手,213,张,2.7,0,0,1,0
铁牌（500*400）,当心吊物,86,张,2.7,0,0,1,0
铁牌（500*400）,当心落水,171,张,2.7,0,0,1,0
铁牌（500*400）,当心塌方,96,张,2.7,0,0,1,0
铁牌（500*400）,当心扎脚,96,张,2.7,0,0,1,0
铁牌（500*400）,当心爆炸,171,张,2.7,0,30,1,0
铁牌（500*400）,当心绊倒,116,张,2.7,0,30,1,0
铁牌（500*400）,当心坑洞,63,张,2.7,0,30,1,0
铁牌（500*400）,当心触电,103,张,2.7,0,30,1,0
铁牌（500*400）,当心烫伤,130,张,2.7,0,30,1,0
铁牌（500*400）,当心碰头,103,张,2.7,0,30,1,0
铁牌（500*400）,当心车辆,115,张,2.7,0,30,1,0
铁牌（500*400）,当心电离辐射,67,张,2.7,0,30,1,0
铁牌（500*400）,当心机械伤人,179,张,2.7,0,30,1,0
铁牌（500*400）,当心弧光,117,张,2.7,0,30,1,0
铁牌（500*400）,当心落物,28,张,2.7,0,30,1,0
铁牌（500*400）,当心滑跌,73,张,2.7,0,30,1,0
铁牌（500*400）,当心火灾,136,张,2.7,0,30,1,0
铁牌（500*400）,当心电缆,175,张,2.7,0,30,1,0
铁牌（500*400）,禁止合闸,99,张,2.7,0,30,1,0
铁牌（500*400）,禁止停车,348,张,2.7,0,30,1,0
铁牌（500*400）,禁止停留,196,张,2.7,0,30,1,0
铁牌（500*400）,禁止入内,74,张,2.7,0,30,1,0
铁牌（500*400）,禁止跨越,136,张,2.7,0,30,1,0
铁牌（500*400）,禁止抛物,165,张,2.7,0,30,1,0
铁牌（500*400）,禁止靠近,168,张,2.7,0,30,1,0
铁牌（500*400）,禁止堆放,156,张,2.7,0,0,1,0
铁牌（500*400）,禁止攀爬,60,张,2.7,0,0,1,0
铁牌（500*400）,禁止通行,134,张,2.7,0,0,1,0
铁牌（500*400）,禁止烟火,115,张,2.7,0,0,1,0
铁牌（500*400）,禁止吸烟,70,张,2.7,0,0,1,0
铁牌（500*400）,禁止攀登,224,张,2.7,0,0,1,0
铁牌（500*400）,禁止火种,72,张,2.7,0,0,1,0
铁牌（500*400）,禁止触摸,189,张,2.7,0,0,1,0
铁牌（500*400）,禁止驶入,218,张,2.7,0,0,1,0
铁牌（500*400）,禁止放易燃物,102,张,2.7,0,0,1,0
铁牌（500*400）,禁止明火作业,102,张,2.7,0,0,1,0
铁牌（500*400）,禁止吊篮坐人,148,张,2.7,0,0,1,0
铁牌（500*400）,禁止酒后上岗,120,张,2.7,0,0,1,0
铁牌（500*400）,禁止攀登高压危险,190,张,2.7,0,0,1,0
铁牌（500*400）,注意安全,122,张,2.7,0,0,1,0
铁牌（500*400）,注意高温,89,张,2.7,0,0,1,0
铁牌（500*400）,注意通风,270,张,2.7,0,0,1,0
铁牌（500*400）,注意卫生人人有责,8,张,2.7,0,0,1,0
铁牌（500*400）,必须穿防护服,124,张,2.7,0,0,1,0
铁牌（500*400）,必须穿防护鞋,128,张,2.7,0,0,1,0
铁牌（500*400）,必须戴防护口罩,109,张,2.7,0,0,1,0
铁牌（500*400）,必须戴防毒面具,51,张,2.7,0,0,1,0
铁牌（500*400）,必须持证上岗,203,张,2.7,0,0,1,0
铁牌（500*400）,必须系安全带,135,张,2.7,0,0,1,0
铁牌（500*400）,必须戴耳塞,147,张,2.7,0,0,1,0
铁牌（500*400）,必须戴防护眼镜,71,张,2.7,0,0,1,0
铁牌（500*400）,必须戴防护手套,67,张,2.7,0,0,1,0
铁牌（500*400）,必须戴安全帽,145,张,2.7,0,0,1,0
铁牌（500*400）,进入施工现场必须戴安全帽,130,张,2.7,0,0,1,0
铁牌（500*400）,安全通道,101,张,2.7,0,0,1,0
铁牌（500*400）,安全出口,93,张,2.7,0,0,1,0
铁牌（500*400）,安全用电,111,张,2.7,0,0,1,0
铁牌（500*400）,有电危险,105,张,2.7,0,0,1,0
铁牌（500*400）,小心有电,187,张,2.7,0,0,1,0
铁牌（500*400）,高压危险,189,张,2.7,0,0,1,0
铁牌（500*400）,止步高压危险,185,张,2.7,0,0,1,0
铁牌（500*400）,前方施工车辆绕行,28,张,2.7,0,0,1,0
铁牌（500*400）,前方施工车辆慢行,77,张,2.7,0,0,1,0
铁牌（500*400）,火警电话119,95,张,2.7,0,0,1,0
铁牌（500*400）,地上消火栓,93,张,2.7,0,0,1,0
铁牌（500*400）,灭火器,15,张,2.7,0,0,1,0
铁牌（500*400）,灭火器使用方法,40,张,2.7,0,0,1,0
铁牌（500*400）,消防器材禁止堵塞,10,张,2.7,0,0,1,0
铁牌（500*400）,消防器材禁止挪动,20,张,2.7,0,0,1,0
铁牌（500*400）,消防通道禁止堵塞,239,张,2.7,0,0,1,0
铁牌（500*400）,施工现场闲人免进,138,张,2.7,0,0,1,0
铁牌（500*400）,施工重地闲人免进,111,张,2.7,0,0,1,0
铁牌（500*400）,正在施工请勿靠近,143,张,2.7,0,0,1,0
铁牌（500*400）,生产重地闲人免进,94,张,2.7,0,0,1,0
铁牌（500*400）,机房重地闲人免进,98,张,2.7,0,0,1,0
铁牌（500*400）,非工作人员不准进入,349,张,2.7,0,0,1,0
铁牌（500*400）,未经许可不得入内,79,张,2.7,0,0,1,0
铁牌（500*400）,危险勿近,41,张,2.7,0,0,1,0
铁牌（500*400）,边坡危险请勿靠近,87,张,2.7,0,0,1,0
铁牌（500*400）,限速5公里,42,张,2.7,0,0,1,0
铁牌（500*400）,易燃易爆,84,张,2.7,0,0,1,0
铁牌（500*400）,空白,33,张,2.7,0,0,1,0
铁牌（500*400）,慢,98,张,2.7,0,0,1,0
地板贴,地板贴小心地滑,234,张,0.8,0,0,1,0
地板贴,地板贴小心台阶,281,张,0.64,0,0,1,0
地板贴,地板贴安全出口（直行）,276,张,0.6,0,0,1,0
地板贴,地板贴安全出口（向右）,545,张,0.62,0,0,1,0
地板贴,地板贴安全出口（向左）,621,张,0.63,0,0,1,0
地板贴,地板贴安全出口（双向）,159,张,0.69,0,0,1,0
S9控制室规章,500*670,10,张,8,0,5,1,0
S11防火卷帘严禁堆放,520*130,62,张,1.5,0,0,1,0
4公斤高速圆锥（900高）新料,4公斤高速圆锥（900高）新料,118,个,14.12,0,0,1,0
施工牌1000*400整套,前方施工注意安全,51,套,27.77,0,0,1,0
施工牌1000*400整套,前方施工车辆慢行,30,套,27.52,0,0,1,0
施工牌1000*400整套,黄黑导向牌-向左,19,套,27.5,0,0,1,0
施工牌1000*400整套,黄黑导向牌-向右,45,套,27.59,0,0,1,0
施工牌1000*400整套,前方施工禁止通行,22,套,27.81,0,0,1,0
施工牌1000*400整套,前方施工车辆绕行,27,套,27.69,0,0,1,0
施工牌1000*400整套,前方施工行人绕行,14,套,27.5,0,0,1,0
太阳能爆闪灯,一体化（39*14.5*18）（小）,193,个,24.13,0,100,1,0
太阳能爆闪灯,一体化（47*17*18）（大）,40,个,25.08,0,100,1,0
广角镜,广角镜450室外,87,个,27.33,0,20,1,0
广角镜,广角镜450室内,50,个,27.15,0,0,1,0
广角镜,广角镜500室外,7,个,29,0,0,1,0
广角镜,广角镜600室内,123,个,28,0,30,1,0
广角镜,广角镜600室外,83,个,28,0,30,1,0
广角镜,广角镜800室内,97,个,42.68,0,30,1,0
广角镜,广角镜800室外,87,个,43,0,30,1,0
广角镜,广角镜1000室外,20,个,80.17,0,10,1,0
97款消防头盔,,58,个,15.16,0,30,1,0
消防接扣 DN65（华匠）,DN65,108,套,13.41,0,100,1,0
普通消防接扣,DN50,132,套,6.34,0,100,1,0
普通消防接扣,DN65,50,套,9.8,0,100,1,0
普通消防接扣,DN80,83,套,13.12,0,100,1,0
普通消防接扣,DN100,77,套,15.07,0,100,1,0
普通消防栓,DN50,97,个,23,0,30,1,0
普通消防栓,DN65,53,个,20.34,0,40,1,0
普通消防栓,DN65外丝,34,个,23,0,8,1,0
唐安烟感器,,134,个,5.98,0,0,1,0
铅安3C面具,国标,306,个,9.03,0,0,1,0
消防扳手（地下）,,5,套,0,0,2,1,0
小铁锤（消防锤）,,175,支,3.06,0,50,1,0
唐安3L水基灭火器,3L,48,支,30,0,0,1,0
唐安4KG悬挂式,4KG,55,个,60,0,0,1,0
普通消防水枪,DN50,117,个,7.73,0,50,1,0
普通消防水枪,DN65,85,个,7.6,0,100,1,0
铁马护栏,30管,5,个,14.76,0,0,1,0
铁马护栏,36管,131,个,20.51,0,0,1,0
中莲水带,DN8-50-20,105,条,25.93,0,100,1,0
中莲水带,DN8-80-20,124,条,36.52,0,100,1,0
中莲水带,DN8-100-20,21,条,54.33,0,100,1,0
反光膜（箭头）,（红白）5CM,28,卷,8,0,50,1,0
反光膜（箭头）,（黄黑）5CM,60,卷,8,0,0,0,0
反光膜（斜纹）,（红白）5CM96个/箱,31,卷,5.66,0,50,1,0
反光膜（斜纹）,（黄黑）5CM96个/箱,92,卷,5.5,0,50,1,0
反光膜（斜纹）,（红白）10CM48个/箱,22,卷,11.2,0,50,1,0
反光膜（斜纹）,（黄黑）10CM48个/箱,104,卷,11.2,0,50,1,0
反光膜（斜纹）,（红白）15CM32个/箱,71,卷,17.06,0,50,1,0
反光膜（斜纹）,（黄黑）15CM32个/箱,32,卷,18,0,50,1,0
反光膜（斜纹）,（红白）20CM24个/箱,70,卷,22.4,0,30,1,0
反光膜（斜纹）,（黄黑）20CM24个/箱,120,卷,22.19,0,30,1,0
焊接大小头,DN100*80 (108*89),23,套,4.8,0,0,1,0
焊接大小头,DN125*100（133*108）,20,套,7.2,0,0,1,0
焊接大小头,DN150*100（159*108）,30,套,19,0,0,1,0
焊接大小头,DN200*150（219*159）,41,套,14.5,0,0,1,0
焊接大小头,DN200*125（219*133）,18,套,15.5,0,0,1,0
焊接大小头,DN200*100（219*100）,30,套,19,0,0,1,0
焊接大小头,DN300*200（325*219）,20,套,36,0,0,1,0
绝缘伸缩护栏（玻璃钢）,2.5x1.2m,177,套,37.03,0,50,1,0
肩灯,空白,233,个,3.8,0,100,1,0
指挥棒,指挥棒长（干电池）,573,支,5.51,0,50,1,0
指挥棒,指挥棒长（充电）,239,支,10.52,0,50,1,0
指挥棒,双色指挥棒短（充电）,8,支,16,0,50,1,0
大饼形路障灯(干电池),,87,支,6.5,0,50,1,0
3IVI车身贴（好）,,48,卷,16,0,20,1,0
警戒带（警示带）,新料,128,卷,1.5,0,1600,1,0
车位锁（八角型）,,47,套,34.11,0,20,1,0
轮廓灯,,1418,个,2.8,0,500,1,0
太阳能爆闪灯灯架,,186,个,14.7,0,100,1,0
停车牌灯（充电）,充电,112,个,16,0,0,1,0
丝牙法兰,DN40,34,个,0,0,0,1,0
丝牙法兰,DN80,11,个,0,0,0,1,0
丝牙法兰,DN100,93,个,0.45,0,0,1,0
02款消防头盔,,43,个,18.84,0,30,1,0
97款消防手套,,63,双,5.28,0,30,1,0
02款消防手套,,52,套,6.61,0,30,1,0
02款消防腰带,,21,套,7.84,0,30,1,0
02款阻燃服,,25,套,32.53,0,30,1,0
97款消防服,,49,套,30.38,0,30,1,0
97款消防腰带,,28,条,6.2,0,30,1,0
02款消防靴,41码,16,双,35,0,0,1,0
02款消防靴,42码,19,双,25.31,0,10,1,0
02款消防靴,43码,19,双,24.2,0,10,1,0
02款消防靴,44码,31,双,25.07,0,10,1,0
桂安应急灯,,11,台,33.1,0,0,1,0
卷盘箱  610*610*200,左开,19,个,62.84,0,50,1,0
卷盘箱  610*610*200,右开,13,个,56,0,0,1,0
消防沙箱,600*400*400,21,个,80,0,8,1,0
消防工具柜,1600*1100*400,5,个,359.95,0,6,1,0
消防箱800*650*240（铝门）,,1,个,86.89,0,10,1,0
消防箱650*450*240,左开,45,个,43,0,40,1,0
消防箱650*450*240,右开,38,个,43,0,0,1,0
（新款可叠式）灭火器箱4kg*2（因商品特殊性，售前请与业务员确认好需求，售出后不退换）,4KG*2,1072,个,8.5,0,200,1,0
灭火器箱2KG*2(鸿创),2KG*2,2,个,15.5,0,20,1,0
华匠消防栓DN65,DN65,108,个,25.95,0,40,1,0
打火把,,74,条,5.97,0,20,1,0
喉箍,2.5寸,2028,个,0.33,0,400,1,0
喉箍,4寸,433,个,0.32,0,200,1,0
15装饰盖双碟,,2264,个,0.3,0,300,1,0
15装饰盖单碟,单碟20,1555,个,0.15,0,500,1,0
火钩,,30,支,4.44,0,0,1,0
腰斧,,150,支,5.3,0,50,1,0
玻璃锤（好）,（好）,92,支,4.15,0,30,1,0
消防挂架,,11,个,150,0,0,1,0
消防撬棍,,18,支,10.62,0,20,1,0
灭火器（带绳挂带）4KG,,277,个,1.2,0,30,1,0
唐安 30KG车推式灭火器,,9,台,350,0,0,1,0
玛钢弯头,DN20,1,个,1.4,0,0,1,0
玛钢弯头,DN25,5,个,1.8,0,0,1,0
玛钢弯头,DN40,280,个,4.3,0,0,1,0
玛钢弯头,DN50,546,个,5.7,0,0,1,0
玛钢弯头,DN65,196,个,8.9,0,0,1,0
玛钢弯头,DN100,40,个,23.5,0,0,1,0
玛钢三通,DN15,734,个,1.5,0,0,1,0
玛钢三通,DN20,100,个,1.5,0,0,1,0
玛钢三通,DN25,97,个,2.62,0,0,1,0
玛钢三通,DN32,126,个,3.47,0,0,1,0
玛钢三通,DN40,19,个,4.52,0,0,1,0
玛钢三通,DN50,65,个,7.06,0,0,1,0
玛钢三通,DN65,45,个,11.56,0,0,1,0
玛钢三通,DN100,40,个,35,0,0,1,0
玛钢直通,DN15,886,个,0.6,0,0,1,0
玛钢直通,DN20,417,个,1.02,0,0,1,0
玛钢直通,DN25,274,个,1.34,0,0,1,0
玛钢直通,DN32,84,个,2.8,0,0,1,0
玛钢直通,DN100,59,个,13.39,0,0,1,0
玛钢堵头,DN15,1994,个,0.12,0,0,1,0
玛钢堵头,DN20,2495,个,0.19,0,0,1,0
玛钢堵头,DN25,340,个,0.34,0,0,1,0
玛钢堵头,DN32,1120,个,0.6,0,0,1,0
玛钢堵头,DN40,515,个,0.8,0,0,1,0
玛钢堵头,DN50,922,个,1.19,0,0,1,0
玛钢堵头,DN65,152,个,2.23,0,0,1,0
玛钢堵头,DN80,131,个,3.9,0,0,1,0
玛钢堵头,DN100,42,个,6.18,0,0,1,0
玛钢活接,DN15,208,个,1.73,0,0,1,0
玛钢活接,DN20,127,个,2.53,0,0,1,0
玛钢活接,DN25,75,个,3.45,0,0,1,0
玛钢活接,DN32,48,个,5.45,0,0,1,0
玛钢活接,DN40,32,个,6.56,0,0,1,0
玛钢活接,DN50,10,个,9.43,0,0,1,0
玛钢活接,DN65,14,个,16.68,0,0,1,0
玛钢补芯,DN20*15,366,个,0.41,0,0,1,0
玛钢补芯,DN25*15,195,个,0.59,0,0,1,0
玛钢补芯,DN25*20,308,个,0.53,0,0,1,0
玛钢补芯,DN32*15,261,个,1.13,0,0,1,0
玛钢补芯,DN32*20,205,个,1.05,0,0,1,0
玛钢补芯,DN32*25,96,个,0.88,0,0,1,0
玛钢补芯,DN40*20,128,个,1.35,0,0,1,0
玛钢补芯,DN40*25,161,个,1.24,0,0,1,0
玛钢补芯,DN40*32,193,个,1.13,0,0,1,0
玛钢补芯,DN50*32,137,个,1.94,0,0,1,0
玛钢补芯,DN65*32,63,个,3.81,0,0,1,0
玛钢补芯,DN65*40,59,个,3.81,0,0,1,0
玛钢补芯,DN65*50,181,个,3.4,0,0,1,0
玛钢补芯,DN80*32,50,个,7.42,0,0,1,0
玛钢补芯,DN80*40,41,个,7,0,0,1,0
玛钢补芯,DN80*50,49,个,5.03,0,0,1,0
玛钢内接,DN20,275,个,0.7,0,0,1,0
玛钢内接,DN50,33,个,0,0,0,1,0
玛钢内接,DN100,13,个,16,0,0,1,0
软接头,DN50*1.0mpa,1,个,0,0,0,1,0
软接头,DN80*1.0mpa,3,个,0,0,0,1,0
软接头,DN100*1.6mpa,62,个,0,0,0,1,0
软接头,DN150*1.6mpa,11,个,0,0,0,1,0
软接头,DN200*1.6mpa,38,个,0,0,0,1,0
U型码,DN15*6,120,个,0.25,0,0,1,0
U型码,DN20*6,3840,个,0.14,0,0,1,0
U型码,DN25*6,2202,个,0.18,0,0,1,0
U型码,DN32*6,1510,个,0.2,0,0,1,0
U型码,DN40*6,3200,个,0.18,0,0,1,0
U型码,DN50*6,4000,个,0.21,0,0,1,0
U型码,DN65*8,4099,个,0.34,0,0,1,0
U型码,DN80*8,5066,个,0.42,0,0,1,0
U型码,DN100*8,1384,个,0.47,0,0,1,0
U型码,DN150*8,3396,个,0.65,0,0,1,0
U型码,DN200*10,2681,个,1.34,0,0,1,0
U型码,DN250*10,868,个,2.78,0,0,1,0
法兰橡胶垫,DN32,482,个,0.06,0,0,1,0
法兰橡胶垫,DN40,234,个,0.08,0,0,1,0
法兰橡胶垫,DN65,616,个,0.13,0,0,1,0
法兰橡胶垫,DN100,146,个,0.4,0,0,1,0
法兰橡胶垫,DN250,172,个,0.7,0,0,1,0
法兰橡胶垫,DN300,11,个,0.8,0,0,1,0
法兰橡胶垫,DN400,59,个,1.5,0,0,1,0
4加仑防爆柜560*430*430（黄）,560*430*430（黄）,4,个,200,0,2,1,0
12加仑防爆柜890*590*460（黄）,890*590*460（黄）,4,个,300,0,2,1,0
30加仑防爆柜1120*1090*460（黄）,1120*1090*460（黄）,5,个,650.56,0,2,1,0
45加仑防爆柜1650*1090*460（黄）,1650*1090*460（黄）,2,个,858.33,0,1,1,0
浙安 二氧化碳灭火器,2KG,4,个,70,0,0,1,0
灭火器单挂钩,（单）4KG*1（厚）,258,个,3.2,0,50,1,0
灭火器双挂钩,（双）4KG*2（厚）,81,个,7.2,0,50,1,0
卷盘,20m,200,个,36,0,50,1,0
卷盘,25m,243,个,40.51,0,50,1,0
卷盘,30m.,29,个,46,0,0,1,0
消防桶,（普通-前21cm*后20cm*宽17cm）,120,个,2.72,0,50,1,0
消防铲,（普通）,183,支,5.46,0,50,1,0
消防斧,70cm,52,支,7.78,0,30,1,0
消防扳手（地上）,（厚）,25,支,8,0,50,1,0
防火毯,1*1,248,张,4.74,0,50,1,0
防火毯,1.5*1.5,149,张,9.4,0,50,1,0
桂安报警按钮,1型,1,个,11,0,20,1,0
桂安报警按钮,2型（带钥匙）,14,个,11,0,10,1,0
消防警铃,24V,8,个,15,0,20,1,0
消防喷淋头 68°,15*上,686,个,3.3,0,200,1,0
消防喷淋头 68°,15*下,1755,个,1.96,0,200,1,0
消防喷淋头,15*侧喷,1011,个,2.15,0,100,1,0
消防喷淋头,15*隐喷,123,个,7.5,0,100,1,0
消防喷淋头 93°,15下,520,个,3.5,0,200,1,0
消防喷淋头 93°,15上,1141,个,3.5,0,200,1,0
地上消防栓,SS150/80-1.6,6,个,680,0,5,1,0
地上消防栓,SS100/65-1.6,2,个,274.73,0,2,1,0
灭火器箱4KG*4（鸿创）,4KG*4,33,个,42.47,0,10,1,0
灭火器箱5KG*2（鸿创）,5KG*2,281,个,26,0,50,1,0
防毒面具箱,4KG*2,43,个,52,0,40,1,0
反恐柜,1700*1100*500,1,个,500,0,2,1,0
97款消防靴,42码,33,双,19.67,0,0,1,0
97款消防靴,43码,25,双,19.5,0,0,1,0
97款消防靴,44码,9,双,26.04,0,0,1,0
人字胶牌,200*630（清扫中）,2,张,11,0,0,1,0
人字胶牌,200*630（专用车位）,28,张,11,0,0,1,0
人字胶牌,200*630（暂停服务）,72,张,11,0,0,1,0
人字胶牌,200*630（不准入内）,20,张,11,0,0,1,0
人字胶牌,200*630（不准停车）,4,张,11,0,0,1,0
人字胶牌,200*630（闲人免进）,8,张,11,0,0,1,0
人字胶牌,200*630（车位已满）,20,张,11,0,0,1,0
人字胶牌,200*630（禁止停车）,1,张,11,0,0,1,0
灭火器使用方法,320*171红色5图,241,张,1.2,0,0,1,0
PVC胶牌三角形200*200,200*200当心触电,1094,张,0.51,0,0,1,0
PVC胶牌三角形200*200,200*200有电危险,450,张,0.51,0,0,1,0
PVC胶牌三角形200*200,200*200注意安全,292,张,0.5,0,0,1,0
PVC胶牌三角形200*200,200*200高压危险,269,张,0.5,0,0,1,0
S1消防栓使用说明,（消防柜54*36）,267,张,2.79,0,50,1,0
S2常闭式防火门,（50*12.5）(向左）,90,张,1.2,0,0,1,0
S4灭火器使用说明,（30*15）,381,张,0.7,0,0,1,0
S6火灾禁乘电梯,（15*25）,165,张,1,0,0,1,0
S7手报,（12*18）,126,张,0.55,0,0,1,0
S8防火卷帘按钮,（12*18）,23,张,0.8,0,0,1,0
S10三提示,（45*67）,13,张,8,0,0,1,0
S13消防车道严禁占用,（40*30）,175,张,2,0,0,1,0
S14消火栓使用说明,（水带箱36*54）,105,张,2.81,0,60,1,0
S3常闭式防火门,（50*12.5）(向右）,132,张,1.2,0,0,1,0
彩钢开边快接,DN15*110,96,个,7.5,0,0,1,0
彩钢开边快接,DN20*110,101,个,8,0,0,1,0
彩钢开边快接,DN25*110,43,个,8.2,0,0,1,0
彩钢开边快接,DN32*125,71,个,10.5,0,0,1,0
彩钢开边快接,DN65*185,124,个,25,0,0,1,0
彩钢开边快接,DN100*185,7,个,32,0,0,1,0
彩钢开边快接,DN125*185,44,个,41,0,0,1,0
彩钢开边快接,DN150*200,52,个,50,0,0,1,0
彩钢开边快接,DN200*200,84,个,60,0,0,1,0
快速抢修器,DN15(4分),297,个,3.15,0,0,0,0
快速抢修器,DN20(6分),92,个,4,0,0,0,0
快速抢修器,DN25(1寸),159,个,5.6,0,0,0,0
快速抢修器,DN32（1.2寸),32,个,7.9,0,0,0,0
快速抢修器,DN40(1.5寸),24,个,9,0,0,0,0
快速抢修器,DN50(2寸),81,个,11,0,0,0,0
快速抢修器,DN65(2.5寸),50,个,26.4,0,0,0,0
焊接弯头,DN100（114）,16,个,9,0,0,1,0
焊接弯头,DN125（140）,25,个,18,0,0,1,0
焊接法兰,DN50（10k）,54,片,7.5,0,0,1,0
焊接法兰,DN65（10k）,26,片,8.7,0,0,1,0
焊接法兰,DN80（10k）,23,片,9.6,0,0,1,0
焊接法兰,DN125（10k）,15,片,15.5,0,0,1,0
焊接法兰,DN200（10k）,33,片,20.8,0,0,1,0
焊接法兰,DN100（16k）,63,片,13,0,0,1,0
焊接法兰,DN200（16k）,89,片,24,0,0,1,0
焊接法兰,DN300（16k）,37,片,80,0,0,1,0
焊接盲板,DN50(10K),40,个,8,0,0,1,0
焊接盲板,DN65(10K),24,个,9,0,0,1,0
焊接盲板,DN80(10K),48,个,10,0,0,1,0
焊接盲板,DN100(10K),1,个,12,0,0,1,0
焊接盲板,DN125(10K),37,个,18.5,0,0,1,0
焊接盲板,DN150(10K),5,个,24,0,0,1,0
焊接盲板,DN200(10K),9,个,44,0,0,1,0
焊接盲板,DN100(16K),3,个,19,0,0,1,0
焊接盲板,DN150(16K),30,个,24,0,0,1,0
焊接盲板,DN200(16K),60,个,46,0,0,1,0
焊接盲板,DN300(16K),33,个,126,0,0,1,0
法兰暗杆闸阀,DN50,1,台,70,0,0,1,0
法兰暗杆闸阀,DN65,2,台,120,0,0,1,0
法兰暗杆闸阀,DN80,3,台,97,0,0,1,0
法兰暗杆闸阀,DN100,2,台,140,0,0,1,0
法兰暗杆闸阀,DN150,9,台,223,0,0,1,0
法兰暗杆闸阀,DN200,2,台,378,0,0,1,0
法兰明杆闸阀（大体）,DN200（大体）,18,台,211,0,0,1,0
法兰消声阀,DN80,4,个,92.15,0,0,1,0
法兰消声阀,DN100,18,个,102,0,0,1,0
法兰消声阀,DN150,10,个,184.3,0,0,1,0
法兰消声阀,DN200,3,个,100,0,0,1,0
橡胶杆止回阀,DN65,12,个,82.5,0,0,1,0
橡胶杆止回阀,DN80,5,个,97,0,0,1,0
橡胶杆止回阀,DN100,4,个,102,0,0,1,0
Y型法兰过滤器,DN65,10,个,82.5,0,0,1,0
Y型法兰过滤器,DN80,10,个,97,0,0,1,0
Y型法兰过滤器,DN150,8,个,107,0,0,1,0
Y型法兰过滤器,DN200,8,个,107,0,0,1,0
水流指示器,DN50,20,个,19.5,0,0,1,0
水流指示器,DN65,20,个,19.5,0,0,1,0
水流指示器,DN80,19,个,21.5,0,0,1,0
水流指示器,DN100,29,个,21.5,0,0,1,0
水流指示器,DN150,23,个,23.5,0,0,1,0
手柄蝶阀,DN50,19,个,29,0,0,1,0
手柄蝶阀,DN65,15,个,33,0,0,1,0
手柄蝶阀,DN80,14,个,42,0,0,1,0
手柄蝶阀,DN150,34,个,78,0,0,1,0
手柄蝶阀,DN200,17,个,155,0,0,1,0
对夹式止回阀,DN50,20,个,28,0,0,1,0
对夹式止回阀,DN65,40,个,36,0,0,1,0
对夹式止回阀,DN80,30,个,44,0,0,1,0
对夹式止回阀,DN100,36,个,60,0,0,1,0
对夹式止回阀,DN150,20,个,85,0,0,1,0
瓜型止回阀,DN50,13,个,23.5,0,0,1,0
瓜型止回阀,DN65,1141,个,25.5,0,0,1,0
瓜型止回阀,DN80,9,个,37,0,0,1,0
瓜型止回阀,DN100,15,个,41,0,0,1,0
瓜型止回阀,DN150,9,个,81.5,0,0,1,0
瓜型止回阀,DN200,10,个,233,0,0,1,0
沟槽卡箍,DN100(114),45,个,5.59,0,0,1,0
沟槽卡箍,DN150(165),275,个,12.63,0,0,1,0
沟槽卡箍,DN200(219),173,个,23.31,0,0,1,0
沟槽90°弯头,DN100（114）,157,个,11.74,0,0,1,0
沟槽90°弯头,DN150(165),98,个,24.08,0,0,1,0
沟槽90°弯头,DN200(219),105,个,54.25,0,0,1,0
沟槽45°弯头,DN65(76),40,个,7.33,0,0,1,0
沟槽45°弯头,DN100(114),323,个,10.06,0,0,1,0
沟槽45°弯头,DN150(165),78,个,20.8,0,0,1,0
沟槽45°弯头,DN200(219),82,个,38.38,0,0,1,0
沟槽三通,DN65(76),150,个,14.42,0,0,1,0
沟槽三通,DN100(114),235,个,17.07,0,0,1,0
沟槽三通,DN150(165),125,个,42.17,0,0,1,0
32管不锈钢铁马（201）3公斤,1500*1000,2,个,54.35,0,0,1,0
轻型基坑护栏,2000*1200（活动）一套一块板和一支立柱,46,套,42.73,0,0,1,0
轻型基坑护栏,2000*1200（固定）一套一块板和一支立柱,45,套,47.06,0,0,1,0
轻型基坑护栏,立柱（活动）/条,96,套,12.16,0,0,1,0
轻型基坑护栏,立柱（固定）/条,215,套,12.49,0,0,1,0
轻型基坑护栏,基坑单面板（活动）不含立柱,45,套,34.06,0,0,1,0
轻型基坑护栏,基坑单面板（固定）不含立柱,70,套,34.57,0,0,1,0
胶马护栏（大）,1600*1000（6KG左右）红,23,套,40.97,0,0,1,0
胶马护栏（大）,1600*1000（6KG左右）黑,15,套,40.62,0,0,1,0
胶马护栏（大）,1600*1000（6KG左右）黑-面板,103,套,31.5,0,0,0,0
施工牌（1000*400）单牌,前方施工车辆慢行,16,张,11.93,0,0,1,0
施工牌（1000*400）单牌,前方施工禁止通行,10,张,11.75,0,0,1,0
施工牌（1000*400）单牌,前方施工车辆绕行,17,张,11.65,0,0,1,0
施工牌（1000*400）单牌,空白铁皮,83,张,13,0,0,1,0
施工牌（1000*400）单牌,前方施工行人绕行,12,张,11.33,0,0,1,0
施工牌架（单架）活动,1000*400（活动）,46,套,19.27,0,0,1,0
小三孔水马1150*650,1150*650（吹塑)2.5KG,96,个,20.17,0,0,1,0
大三孔水马1300*700,1300*700（吹塑)3.5KG,71,个,33.06,0,0,1,0
道口柱·防撞柱（固定）,2.5寸*600（固定）,122,条,13,0,0,1,0
道口柱·防撞柱（固定）,2.5寸*760（固定）,93,条,15,0,0,1,0
道口柱·防撞柱（固定）,3.0寸*750（固定）,132,条,19,0,0,1,0
道口柱·防撞柱（固定）,4.0寸*1000（固定）,158,条,29,0,0,1,0
道口柱·防撞柱（固定）,4.0寸*1200（埋地）,60,条,30.65,0,0,1,0
U型护栏,2.5寸*1500*330,118,条,45,0,0,1,0
太阳能导向牌,1200*400（向右）,16,块,95.24,0,30,1,0
太阳能双向牌,1200*400（双向）,26,块,99.91,0,30,1,0
太阳能施工牌,1200*400前方施工,50,块,173.88,0,30,1,0
太阳能路障灯,1号(带螺丝),702,个,2.9,0,100,1,0
太阳能路障灯,2号,347,个,2.91,0,200,1,0
太阳能路障灯,3号(带小把),957,个,2.9,0,300,1,0
太阳能路障灯,4号(带磁),1360,个,3.4,0,200,1,0
太阳能路障灯,5号(带把),297,个,2.9,0,300,1,0
PE柔性柱,60*685（红色）,1004,条,2.15,0,200,1,0
胶链,（红白）25米,71,包,20.41,0,20,1,0
胶链,（黄黑）25米,39,包,20,0,20,1,0
停车止步器（橡塑）,（525*135*80）1.8kg,4,个,3.26,0,0,1,0
停车止步器（橡胶）,（560*160*100）,2,条,20,0,0,0,0
广角镜立柱（镀锌立柱）,2.5寸（2.5米长）,46,条,47,0,20,1,0
广角镜立柱（镀锌立柱）,2.5寸（3米长）,56,条,56.84,0,10,1,0
护墙角,800*200*5（PE）,285,条,4.5,0,0,1,0
护墙角,800*100*7（橡胶）,1723,条,3,0,0,1,0
护墙角,1000*100*7（橡胶）,67,条,6,0,0,1,0
护墙角,1200*100*8（橡胶）,98,条,6.51,0,0,1,0
铸铁减速带,250*300*50,11.1,米,77.27,0,30,1,0
铸铁减速带,铸铁减速带-端头,7,米,18.31,0,50,1,0
橡胶黄黑减速带,500*330*40,29.5,米,46.01,0,40,1,0
橡胶黄黑减速带,橡胶黄黑减速带端头（40）,42,米,7.5,0,50,1,0
减速带-黄黑相间（橡塑）,500*350*40,3.5,米,23,0,50,1,0
减速带-黄黑相间（橡塑）,端头40厚,56,米,5.5,0,50,1,0
带盖减速带（单槽）,单槽5*7,140,米,11.66,0,50,1,0
带盖减速带（双槽）,双槽（槽内径3*3）,278,米,10.09,0,50,1,0
波点橡塑减速带（单槽）,1000*300*50、槽3x3（波点）,17,米,15.66,0,50,1,0
橡塑路沿坡,橡塑路沿坡50*35*11高,99,个,12.25,0,20,1,0
橡塑路沿坡,橡塑路沿坡50*20高,85,个,26.72,0,20,1,0
橡塑路沿坡,橡塑路沿坡100*25*6高,40,个,14.78,0,20,1,0
橡塑路沿坡,橡塑路沿坡100*30*15高,143,个,24.93,0,20,1,0
橡塑路沿坡,橡塑路沿坡50*15高,48,个,21.93,0,0,1,0
车位锁（D3型遥控）,D型遥控,11,套,142.77,0,10,1,0
车位锁,（A型带锁）,123,套,15.79,0,100,1,0
车位锁,（A型不带锁）,217,套,13.26,0,100,1,0
车轮锁（小吸盘）,车轮,46,个,60.97,0,90,1,0
黑黄地板贴,4.6*11米,319,卷,1.62,0,200,1,0
盒装伸缩警戒带,（注意安全50米）,34,卷,5.5,0,0,1,0
盒装伸缩警戒带,（警戒线100米）,27,卷,10,0,0,1,0
3c车身贴,红白30米,250,卷,5.5,0,50,1,0
太阳能回旋灯,不带架，带架加钱,6,个,175,0,0,1,0
伸缩护栏带,银色2米,36,支,22.3,0,30,1,0
合计,,519461,,0,0,0,0,0
